recHandelse;intKundnr;strAnlnr;intTjanstnr;intFakturaadress;datDatumFrom;datDatumTom;strTaxekod;strAnm;strRFID;strFordon;strFordonkod;strAvvikelsekod;strObjNr;strKorlistakod;strUtfortAvSignatur;lngFakturanr;strFakturafrekvens;bolKlarAttFakturera;strHandelseText;bolEnbartHandelseTextPaFakturan;bolFakturerasEj;strEntreprenorkod;intRenhOrdernr;intRenhOrderradnr;intVAOrdernr;curFastPrisNetto;strEWCKod;strUNNr;strRDKod;strAvfallstyp;strEnhetKort;datSkapad;intSkapadAv;strHandelsetyp;strVagsedelNr;intFakturaradnr;datAvraknadDatum;datKrediteringGodkandDatum;strKrediteringGodkandSignatur;bolKrediteringsFragaSkickad;strAvvikelseText;recHandelsefilInlasning;curAprisNetto;datLagerFort;strLagerplatskodFran;strLagerplatskod;strFakturagruppering;intInstallationsNr;bolAvraknasEj;strRenhDistriktskod;intSkapadAvRecHandelse;intVAOrderradnr;bolAvvikelse;decXkoord;decYkoord;strFakturerasEjOrsak;strFakturerasEjOrsakText;datDatum;strFotoId;datFotoHamtat;strObjekt;strProjekt;strInkast;strTjanstensOrderIndex
9244599;171501;4212108221;370791;NULL;2021-07-29 18:07:00.000;2021-07-29 18:07:00.000;1WC0-2;NULL;NULL;NULL;404;NULL;NULL;NULL;NULL;81106327;ENFAKTKÖRN;1;NULL;0;0;DKLBC;446192;1;NULL;NULL;NULL;NULL;NULL;Slam;NULL;2021-07-29 18:11:03.710;174;MTÖM;NULL;1;7/31/21 0:00;NULL;NULL;NULL;NULL;2376228;NULL;NULL;NULL;NULL;NULL;NULL;0;SL4;NULL;NULL;0;6633076.51202581000000000000;204687.12685986900000000000;NULL;NULL;2021-07-29 00:00:00.000;NULL;NULL;NULL;NULL;NULL;NULL
9244600;171501;4212108221;370791;NULL;2021-07-29 18:07:00.000;2021-07-29 18:07:00.000;2EXSLANG22;NULL;NULL;NULL;404;NULL;NULL;NULL;NULL;81106327;ENFAKTKÖRN;1;NULL;0;0;DKLBC;446192;2;NULL;NULL;NULL;NULL;NULL;Slam;NULL;2021-07-29 18:11:03.727;174;DEBI;NULL;NULL;7/31/21 0:00;NULL;NULL;NULL;NULL;2376228;NULL;NULL;NULL;NULL;NULL;NULL;0;SL4;NULL;NULL;0;6633076.51202581000000000000;204687.12685986900000000000;NULL;NULL;2021-07-29 00:00:00.000;NULL;NULL;NULL;NULL;NULL;NULL
11176388;171501;4212108221;510310;NULL;2022-07-27 16:49:00.000;2022-07-27 16:49:00.000;1WC3-4;NULL;NULL;NULL;101;NULL;NULL;NULL;NULL;81332646;ENFAKTKÖRN;1;NULL;0;0;DKLBC;489891;1;NULL;NULL;NULL;NULL;NULL;Slam;NULL;2022-07-27 16:51:03.113;174;MTÖM;NULL;1;7/31/22 0:00;NULL;NULL;NULL;NULL;4291394;NULL;NULL;NULL;NULL;NULL;NULL;0;NULL;NULL;NULL;0;6633081.68324143000000000000;204685.17979671200000000000;NULL;NULL;2022-07-27 00:00:00.000;NULL;NULL;NULL;NULL;NULL;NULL
11176389;171501;4212108221;510310;NULL;2022-07-27 16:49:00.000;2022-07-27 16:49:00.000;2EXSLANG22;NULL;NULL;NULL;101;NULL;NULL;NULL;NULL;81332646;ENFAKTKÖRN;1;NULL;0;0;DKLBC;489891;2;NULL;NULL;NULL;NULL;NULL;Slam;NULL;2022-07-27 16:51:03.130;174;DEBI;NULL;NULL;7/31/22 0:00;NULL;NULL;NULL;NULL;4291394;NULL;NULL;NULL;NULL;NULL;NULL;0;NULL;NULL;NULL;0;6633081.68324143000000000000;204685.17979671200000000000;NULL;NULL;2022-07-27 00:00:00.000;NULL;NULL;NULL;NULL;NULL;NULL
13224554;171501;4212108221;510310;NULL;2023-07-28 08:57:00.000;2023-07-28 08:57:00.000;1WC3-4;NULL;NULL;NULL;101;NULL;NULL;NULL;NULL;81560209;ENFAKTKÖRN;1;NULL;0;0;DKLBC;532957;1;NULL;NULL;NULL;NULL;NULL;Slam;NULL;2023-07-28 09:01:29.807;174;MTÖM;NULL;1;7/31/23 0:00;NULL;NULL;NULL;NULL;6392936;NULL;NULL;NULL;NULL;NULL;NULL;0;SL 101;NULL;NULL;0;6633079.14438582000000000000;204689.33340857900000000000;NULL;NULL;2023-07-28 00:00:00.000;NULL;NULL;NULL;NULL;NULL;NULL
13224555;171501;4212108221;510310;NULL;2023-07-28 08:57:00.000;2023-07-28 08:57:00.000;2EXSLANG;NULL;NULL;NULL;101;NULL;NULL;NULL;NULL;81560209;ENFAKTKÖRN;1;NULL;0;0;DKLBC;532957;2;NULL;NULL;NULL;NULL;NULL;Slam;NULL;2023-07-28 09:01:29.823;174;DEBI;NULL;NULL;7/31/23 0:00;NULL;NULL;NULL;NULL;6392936;NULL;NULL;NULL;NULL;NULL;NULL;0;SL 101;NULL;NULL;0;6633079.14438582000000000000;204689.33340857900000000000;NULL;NULL;2023-07-28 00:00:00.000;NULL;NULL;NULL;NULL;NULL;NULL
9035470;171501;4212108221;495219;NULL;2021-06-28 11:19:37.000;NULL;M140-26Å;NULL;08887EF0FF;NULL;HH01;H195;NULL;HSIT1D1;CriHam;NULL;ENFAKTKÖRN;0;NULL;0;1;HUSH_3;NULL;NULL;NULL;NULL;NULL;NULL;NULL;NULL;NULL;2021-06-28 11:31:09.287;174;AVVI;NULL;NULL;6/30/21 0:00;NULL;NULL;NULL;NULL;2168465;NULL;NULL;NULL;NULL;NULL;NULL;0;NULL;NULL;NULL;1;6633067.63018517000000000000;204701.94514716200000000000;NULL;NULL;2021-06-28 00:00:00.000;NULL;NULL;NULL;NULL;NULL;NULL
9035478;171501;4212108221;313848;NULL;2021-06-28 11:17:44.000;NULL;R190-26Å;NULL;08013F6232;NULL;HH01;NULL;NULL;HSIT1D1;CriHam;NULL;ENFAKTKÖRN;1;NULL;0;1;HUSH_3;NULL;NULL;NULL;NULL;NULL;NULL;NULL;Restavfall;NULL;2021-06-28 11:31:12.333;174;TÖMN;NULL;NULL;6/30/21 0:00;NULL;NULL;NULL;NULL;2168473;NULL;NULL;NULL;NULL;NULL;NULL;0;3;NULL;NULL;0;6633067.63156060000000000000;204702.03867924600000000000;NULL;NULL;2021-06-28 00:00:00.000;NULL;NULL;NULL;NULL;NULL;NULL
9035479;171501;4212108221;504470;NULL;2021-06-28 11:17:44.000;NULL;R190-26Å;NULL;08887E326E;NULL;HH01;NULL;NULL;HSIT1D1;CriHam;NULL;ENFAKTKÖRN;1;NULL;0;1;HUSH_3;NULL;NULL;NULL;NULL;NULL;NULL;NULL;Restavfall;NULL;2021-06-28 11:31:12.550;174;TÖMN;NULL;NULL;6/30/21 0:00;NULL;NULL;NULL;NULL;2168474;NULL;NULL;NULL;NULL;NULL;NULL;0;3;NULL;NULL;0;6633067.63156060000000000000;204702.03867924600000000000;NULL;NULL;2021-06-28 00:00:00.000;NULL;NULL;NULL;NULL;NULL;NULL
9124516;171501;4212108221;313848;NULL;2021-07-12 14:05:11.000;NULL;R190-26Å;NULL;08013F6232;NULL;HH09;H195;NULL;HSIT1D1;TobAnd;NULL;ENFAKTKÖRN;0;NULL;0;1;HUSH_3;NULL;NULL;NULL;NULL;NULL;NULL;NULL;NULL;NULL;2021-07-12 14:11:36.607;174;AVVI;NULL;NULL;7/31/21 0:00;NULL;NULL;NULL;NULL;2256752;NULL;NULL;NULL;NULL;NULL;NULL;0;NULL;NULL;NULL;1;6633065.07071385000000000000;204692.06623400200000000000;NULL;NULL;2021-07-12 00:00:00.000;NULL;NULL;NULL;NULL;NULL;NULL
9124517;171501;4212108221;495219;NULL;2021-07-12 14:05:08.000;NULL;M140-26Å;NULL;08887EF0FF;NULL;HH09;H195;NULL;HSIT1D1;TobAnd;NULL;ENFAKTKÖRN;0;NULL;0;1;HUSH_3;NULL;NULL;NULL;NULL;NULL;NULL;NULL;NULL;NULL;2021-07-12 14:11:37.047;174;AVVI;NULL;NULL;7/31/21 0:00;NULL;NULL;NULL;NULL;2256753;NULL;NULL;NULL;NULL;NULL;NULL;0;NULL;NULL;NULL;1;6633065.07071385000000000000;204692.06623400200000000000;NULL;NULL;2021-07-12 00:00:00.000;NULL;NULL;NULL;NULL;NULL;NULL
9213855;171501;4212108221;313848;NULL;2021-07-26 10:41:52.000;NULL;R190-26Å;NULL;08013F6232;NULL;HH01;H195;NULL;HSIT1D1;CriHam;NULL;ENFAKTKÖRN;0;NULL;0;1;HUSH_3;NULL;NULL;NULL;NULL;NULL;NULL;NULL;NULL;NULL;2021-07-26 10:51:49.200;174;AVVI;NULL;NULL;7/31/21 0:00;NULL;NULL;NULL;NULL;2345757;NULL;NULL;NULL;NULL;NULL;NULL;0;NULL;NULL;NULL;1;6633064.42705887000000000000;204698.81146911900000000000;NULL;NULL;2021-07-26 00:00:00.000;NULL;NULL;NULL;NULL;NULL;NULL
9213856;171501;4212108221;495219;NULL;2021-07-26 10:41:50.000;NULL;M140-26Å;NULL;08887EF0FF;NULL;HH01;H195;NULL;HSIT1D1;CriHam;NULL;ENFAKTKÖRN;0;NULL;0;1;HUSH_3;NULL;NULL;NULL;NULL;NULL;NULL;NULL;NULL;NULL;2021-07-26 10:51:49.637;174;AVVI;NULL;NULL;7/31/21 0:00;NULL;NULL;NULL;NULL;2345758;NULL;NULL;NULL;NULL;NULL;NULL;0;NULL;NULL;NULL;1;6633064.60997661000000000000;204698.62167463900000000000;NULL;NULL;2021-07-26 00:00:00.000;NULL;NULL;NULL;NULL;NULL;NULL
9299040;171501;4212108221;313848;NULL;2021-08-09 07:11:37.000;NULL;R190-26Å;NULL;08013F6232;NULL;HH01;H120;NULL;HSIT1D1;CriHam;NULL;ENFAKTKÖRN;0;NULL;0;1;HUSH_3;NULL;NULL;NULL;NULL;NULL;NULL;NULL;NULL;NULL;2021-08-09 07:22:16.160;174;MTÖM;NULL;NULL;8/31/21 0:00;NULL;NULL;NULL;NULL;2429360;NULL;NULL;NULL;NULL;NULL;NULL;0;NULL;NULL;NULL;1;6633058.26304460000000000000;204734.26497455400000000000;NULL;NULL;2021-08-09 00:00:00.000;NULL;NULL;NULL;NULL;NULL;NULL
9299044;171501;4212108221;495219;NULL;2021-08-09 07:09:00.000;NULL;M140-26Å;NULL;08887EF0FF;NULL;HH01;NULL;NULL;HSIT1D1;CriHam;NULL;ENFAKTKÖRN;1;NULL;0;1;HUSH_3;NULL;NULL;NULL;NULL;NULL;NULL;NULL;Matavfall;NULL;2021-08-09 07:22:17.550;174;TÖMN;NULL;NULL;8/31/21 0:00;NULL;NULL;NULL;NULL;2429365;NULL;NULL;NULL;NULL;NULL;NULL;0;3;NULL;NULL;0;6633065.12572274000000000000;204695.80751982900000000000;NULL;NULL;2021-08-09 00:00:00.000;NULL;NULL;NULL;NULL;NULL;NULL
9396158;171501;4212108221;313848;NULL;2021-08-23 10:42:34.000;NULL;R190-26Å;NULL;08013F6232;NULL;HH01;H195;NULL;HSIT1D1;CriHam;NULL;ENFAKTKÖRN;0;NULL;0;1;HUSH_3;NULL;NULL;NULL;NULL;NULL;NULL;NULL;NULL;NULL;2021-08-23 11:34:15.070;174;AVVI;NULL;NULL;8/31/21 0:00;NULL;NULL;NULL;NULL;2525838;NULL;NULL;NULL;NULL;NULL;NULL;0;NULL;NULL;NULL;1;6633064.03098506000000000000;204709.76292418000000000000;NULL;NULL;2021-08-23 00:00:00.000;NULL;NULL;NULL;NULL;NULL;NULL
9396159;171501;4212108221;495219;NULL;2021-08-23 10:42:33.000;NULL;M140-26Å;NULL;08887EF0FF;NULL;HH01;H195;NULL;HSIT1D1;CriHam;NULL;ENFAKTKÖRN;0;NULL;0;1;HUSH_3;NULL;NULL;NULL;NULL;NULL;NULL;NULL;NULL;NULL;2021-08-23 11:34:15.523;174;AVVI;NULL;NULL;8/31/21 0:00;NULL;NULL;NULL;NULL;2525839;NULL;NULL;NULL;NULL;NULL;NULL;0;NULL;NULL;NULL;1;6633064.32666635000000000000;204704.61319364300000000000;NULL;NULL;2021-08-23 00:00:00.000;NULL;NULL;NULL;NULL;NULL;NULL
9441830;171501;4212108221;313848;NULL;2021-08-30 12:34:13.000;NULL;R190-26Å;NULL;08013F6232;NULL;HH07;NULL;NULL;NULL;TobAnd;NULL;ENFAKTKÖRN;1;NULL;0;1;HUSH_3;NULL;NULL;NULL;NULL;NULL;NULL;NULL;Restavfall;NULL;2021-08-31 06:31:33.157;174;TÖMN;NULL;NULL;NULL;NULL;NULL;NULL;Oplanerad;2571092;NULL;NULL;NULL;NULL;NULL;NULL;1;3;NULL;NULL;0;6628311.16522304000000000000;189274.58260037100000000000;NULL;NULL;2021-08-30 00:00:00.000;NULL;NULL;NULL;NULL;NULL;NULL
9482645;171501;4212108221;313848;NULL;2021-09-06 10:25:06.000;NULL;R190-26Å;NULL;08013F6232;NULL;HH01;H195;NULL;HSIT1D1;CriHam;NULL;ENFAKTKÖRN;0;NULL;0;1;HUSH_3;NULL;NULL;NULL;NULL;NULL;NULL;NULL;NULL;NULL;2021-09-06 10:31:40.457;174;AVVI;NULL;NULL;9/30/21 0:00;NULL;NULL;NULL;NULL;2612001;NULL;NULL;NULL;NULL;NULL;NULL;0;NULL;NULL;NULL;1;6633064.86028862000000000000;204703.01495568900000000000;NULL;NULL;2021-09-06 00:00:00.000;NULL;NULL;NULL;NULL;NULL;NULL
9482647;171501;4212108221;495219;NULL;2021-09-06 10:25:03.000;NULL;M140-26Å;NULL;08887EF0FF;NULL;HH01;H195;NULL;HSIT1D1;CriHam;NULL;ENFAKTKÖRN;0;NULL;0;1;HUSH_3;NULL;NULL;NULL;NULL;NULL;NULL;NULL;NULL;NULL;2021-09-06 10:31:41.300;174;AVVI;NULL;NULL;9/30/21 0:00;NULL;NULL;NULL;NULL;2612003;NULL;NULL;NULL;NULL;NULL;NULL;0;NULL;NULL;NULL;1;6633064.45044007000000000000;204700.40151588900000000000;NULL;NULL;2021-09-06 00:00:00.000;NULL;NULL;NULL;NULL;NULL;NULL
9570391;171501;4212108221;313848;NULL;2021-09-20 10:33:16.000;NULL;R190-26Å;NULL;08013F6232;NULL;HHSommar2;H195;NULL;HSIT1D1;CriHam;NULL;ENFAKTKÖRN;0;NULL;0;1;HUSH_3;NULL;NULL;NULL;NULL;NULL;NULL;NULL;NULL;NULL;2021-09-20 10:41:34.783;174;AVVI;NULL;NULL;9/30/21 0:00;NULL;NULL;NULL;NULL;2699845;NULL;NULL;NULL;NULL;NULL;NULL;0;NULL;NULL;NULL;1;6633063.92981563000000000000;204765.98942448900000000000;NULL;NULL;2021-09-20 00:00:00.000;NULL;NULL;NULL;NULL;NULL;NULL
9570392;171501;4212108221;495219;NULL;2021-09-20 10:33:11.000;NULL;M140-26Å;NULL;08887EF0FF;NULL;HHSommar2;H195;NULL;HSIT1D1;CriHam;NULL;ENFAKTKÖRN;0;NULL;0;1;HUSH_3;NULL;NULL;NULL;NULL;NULL;NULL;NULL;NULL;NULL;2021-09-20 10:41:35.283;174;AVVI;NULL;NULL;9/30/21 0:00;NULL;NULL;NULL;NULL;2699846;NULL;NULL;NULL;NULL;NULL;NULL;0;NULL;NULL;NULL;1;6633054.40105664000000000000;204724.21811202700000000000;NULL;NULL;2021-09-20 00:00:00.000;NULL;NULL;NULL;NULL;NULL;NULL
9654016;171501;4212108221;313848;NULL;2021-10-04 10:44:10.000;NULL;R190-26Å;NULL;08013F6232;NULL;HH01;H100;NULL;HSIT1D1;CriHam;NULL;ENFAKTKÖRN;0;NULL;0;1;HUSH_3;NULL;NULL;NULL;NULL;NULL;NULL;NULL;NULL;NULL;2021-10-04 10:51:45.150;174;AVVI;NULL;NULL;10/31/21 0:00;NULL;NULL;NULL;NULL;2783098;NULL;NULL;NULL;NULL;NULL;NULL;0;NULL;NULL;NULL;1;6633059.15408530000000000000;204706.46675995600000000000;NULL;NULL;2021-10-04 00:00:00.000;NULL;NULL;NULL;NULL;NULL;NULL
9654017;171501;4212108221;495219;NULL;2021-10-04 10:44:08.000;NULL;M140-26Å;NULL;08887EF0FF;NULL;HH01;H195;NULL;HSIT1D1;CriHam;NULL;ENFAKTKÖRN;0;NULL;0;1;HUSH_3;NULL;NULL;NULL;NULL;NULL;NULL;NULL;NULL;NULL;2021-10-04 10:51:45.570;174;AVVI;NULL;NULL;10/31/21 0:00;NULL;NULL;NULL;NULL;2783099;NULL;NULL;NULL;NULL;NULL;NULL;0;NULL;NULL;NULL;1;6633058.48979532000000000000;204699.17943127300000000000;NULL;NULL;2021-10-04 00:00:00.000;NULL;NULL;NULL;NULL;NULL;NULL
9736395;171501;4212108221;313848;NULL;2021-10-18 08:18:20.000;NULL;R190-26Å;NULL;08013F6232;NULL;HH01;H195;NULL;HSIT1D1;CriHam;NULL;ENFAKTKÖRN;1;NULL;0;1;HUSH_3;NULL;NULL;NULL;NULL;NULL;NULL;NULL;NULL;NULL;2021-10-18 08:21:12.597;174;AVVI;NULL;NULL;10/31/21 0:00;NULL;NULL;NULL;NULL;2864982;NULL;NULL;NULL;NULL;NULL;NULL;0;3;NULL;NULL;1;6633064.03646742000000000000;204697.50747902900000000000;NULL;NULL;2021-10-18 00:00:00.000;NULL;NULL;NULL;NULL;NULL;NULL
9736398;171501;4212108221;495219;NULL;2021-10-18 08:17:56.000;NULL;M140-26Å;NULL;08887EF0FF;NULL;HH01;NULL;NULL;HSIT1D1;CriHam;NULL;ENFAKTKÖRN;1;NULL;0;1;HUSH_3;NULL;NULL;NULL;NULL;NULL;NULL;NULL;Matavfall;NULL;2021-10-18 08:21:13.340;174;TÖMN;NULL;NULL;10/31/21 0:00;NULL;NULL;NULL;NULL;2864985;NULL;NULL;NULL;NULL;NULL;NULL;0;3;NULL;NULL;0;6633064.22351116000000000000;204697.59828110000000000000;NULL;NULL;2021-10-18 00:00:00.000;NULL;NULL;NULL;NULL;NULL;NULL
9789502;171501;4212108221;313848;NULL;2021-11-01 08:55:33.000;NULL;R190-26Å;NULL;08013F6232;NULL;HH01;H120;NULL;HSIT1D1;CriHam;NULL;ENFAKTKÖRN;1;NULL;0;1;HUSH_3;NULL;NULL;NULL;NULL;NULL;NULL;NULL;NULL;NULL;2021-11-01 09:01:28.750;174;MTÖM;NULL;NULL;11/30/21 0:00;NULL;NULL;NULL;NULL;2917383;NULL;NULL;NULL;NULL;NULL;NULL;0;3;NULL;NULL;1;6633062.27631673000000000000;204741.97077863600000000000;NULL;NULL;2021-11-01 00:00:00.000;NULL;NULL;NULL;NULL;NULL;NULL
9789514;171501;4212108221;495219;NULL;2021-11-01 08:55:06.000;NULL;M140-26Å;NULL;08887EF0FF;NULL;HH01;NULL;NULL;HSIT1D1;CriHam;NULL;ENFAKTKÖRN;1;NULL;0;1;HUSH_3;NULL;NULL;NULL;NULL;NULL;NULL;NULL;Matavfall;NULL;2021-11-01 09:01:32.033;174;TÖMN;NULL;NULL;11/30/21 0:00;NULL;NULL;NULL;NULL;2917396;NULL;NULL;NULL;NULL;NULL;NULL;0;3;NULL;NULL;0;6633066.11870514000000000000;204700.18987945700000000000;NULL;NULL;2021-11-01 00:00:00.000;NULL;NULL;NULL;NULL;NULL;NULL
9818331;171501;4212108221;313848;NULL;2021-11-05 11:14:33.000;NULL;R190-26Å;NULL;08013F6232;NULL;HH09;NULL;NULL;NULL;SebNor;NULL;ENFAKTKÖRN;1;NULL;0;1;HUSH_3;NULL;NULL;NULL;NULL;NULL;NULL;NULL;Restavfall;NULL;2021-11-08 06:31:15.960;174;TÖMN;NULL;NULL;NULL;NULL;NULL;NULL;Oplanerad;2945875;NULL;NULL;NULL;NULL;NULL;NULL;1;3;NULL;NULL;0;NULL;NULL;NULL;NULL;2021-11-05 00:00:00.000;NULL;NULL;NULL;NULL;NULL;NULL
9852102;171501;4212108221;313848;NULL;2021-11-15 08:07:51.000;NULL;R190-26Å;NULL;08013F6232;NULL;HH01;H120;NULL;HSIT1D1;CriHam;NULL;ENFAKTKÖRN;1;NULL;0;1;HUSH_3;NULL;NULL;NULL;NULL;NULL;NULL;NULL;NULL;NULL;2021-11-15 08:11:16.340;174;MTÖM;NULL;NULL;11/30/21 0:00;NULL;NULL;NULL;NULL;2979496;NULL;NULL;NULL;NULL;NULL;NULL;0;3;NULL;NULL;1;6633066.31950288000000000000;204701.21600249900000000000;NULL;NULL;2021-11-15 00:00:00.000;NULL;NULL;NULL;NULL;NULL;NULL
9852109;171501;4212108221;495219;NULL;2021-11-15 08:07:28.000;NULL;M140-26Å;NULL;08887EF0FF;NULL;HH01;NULL;NULL;HSIT1D1;CriHam;NULL;ENFAKTKÖRN;1;NULL;0;1;HUSH_3;NULL;NULL;NULL;NULL;NULL;NULL;NULL;Matavfall;NULL;2021-11-15 08:11:18.517;174;TÖMN;NULL;NULL;11/30/21 0:00;NULL;NULL;NULL;NULL;2979504;NULL;NULL;NULL;NULL;NULL;NULL;0;3;NULL;NULL;0;6633066.68808892000000000000;204701.02347771400000000000;NULL;NULL;2021-11-15 00:00:00.000;NULL;NULL;NULL;NULL;NULL;NULL
9908515;171501;4212108221;495219;NULL;2021-11-29 08:43:19.000;NULL;M140-26Å;NULL;08887EF0FF;NULL;HH01;NULL;NULL;HSIT1D1;CriHam;NULL;ENFAKTKÖRN;1;NULL;0;1;HUSH_3;NULL;NULL;NULL;NULL;NULL;NULL;NULL;Matavfall;NULL;2021-11-29 08:51:34.380;174;TÖMN;NULL;NULL;11/30/21 0:00;NULL;NULL;NULL;NULL;3040991;NULL;NULL;NULL;NULL;NULL;NULL;0;3;NULL;NULL;0;6633067.88324426000000000000;204693.89592809700000000000;NULL;NULL;2021-11-29 00:00:00.000;NULL;NULL;NULL;NULL;NULL;NULL
9908693;171501;4212108221;313848;NULL;2021-11-29 08:53:31.000;NULL;R190-26Å;NULL;08013F6232;NULL;HH01;H195;NULL;HSIT1D1;CriHam;NULL;ENFAKTKÖRN;1;NULL;0;1;HUSH_3;NULL;NULL;NULL;NULL;NULL;NULL;NULL;NULL;NULL;2021-11-29 09:01:43.813;174;AVVI;NULL;NULL;11/30/21 0:00;NULL;NULL;NULL;NULL;3041186;NULL;NULL;NULL;NULL;NULL;NULL;0;3;NULL;NULL;1;6633069.93636167000000000000;204697.22467513400000000000;NULL;NULL;2021-11-29 00:00:00.000;NULL;NULL;NULL;NULL;NULL;NULL
9972379;171501;4212108221;313848;NULL;2021-12-13 08:25:25.000;NULL;R190-26Å;NULL;08013F6232;NULL;HH01;H195;NULL;HSIT1D1;CriHam;NULL;ENFAKTKÖRN;1;NULL;0;1;HUSH_3;NULL;NULL;NULL;NULL;NULL;NULL;NULL;NULL;NULL;2021-12-13 08:31:24.333;174;AVVI;NULL;NULL;12/31/21 0:00;NULL;NULL;NULL;NULL;3110142;NULL;NULL;NULL;NULL;NULL;NULL;0;3;NULL;NULL;1;6633069.38509452000000000000;204694.99647317800000000000;NULL;NULL;2021-12-13 00:00:00.000;NULL;NULL;NULL;NULL;NULL;NULL
9972384;171501;4212108221;495219;NULL;2021-12-13 08:25:06.000;NULL;M140-26Å;NULL;08887EF0FF;NULL;HH01;NULL;NULL;HSIT1D1;CriHam;NULL;ENFAKTKÖRN;1;NULL;0;1;HUSH_3;NULL;NULL;NULL;NULL;NULL;NULL;NULL;Matavfall;NULL;2021-12-13 08:31:25.690;174;TÖMN;NULL;NULL;12/31/21 0:00;NULL;NULL;NULL;NULL;3110147;NULL;NULL;NULL;NULL;NULL;NULL;0;3;NULL;NULL;0;6633069.57076295000000000000;204694.99374319900000000000;NULL;NULL;2021-12-13 00:00:00.000;NULL;NULL;NULL;NULL;NULL;NULL
10026073;171501;4212108221;313848;NULL;2021-12-27 09:10:38.000;NULL;R190-26Å;NULL;08013F6232;NULL;HH01;H195;NULL;HSIT1D1;CriHam;NULL;ENFAKTKÖRN;1;NULL;0;1;HUSH_3;NULL;NULL;NULL;NULL;NULL;NULL;NULL;NULL;NULL;2021-12-27 09:21:06.397;174;AVVI;NULL;NULL;12/31/21 0:00;NULL;NULL;NULL;NULL;3163584;NULL;NULL;NULL;NULL;NULL;NULL;0;3;NULL;NULL;1;6633065.83401546000000000000;204693.45829660000000000000;NULL;NULL;2021-12-27 00:00:00.000;NULL;NULL;NULL;NULL;NULL;NULL
10026076;171501;4212108221;495219;NULL;2021-12-27 09:10:14.000;NULL;M140-26Å;NULL;08887EF0FF;NULL;HH01;NULL;NULL;HSIT1D1;CriHam;NULL;ENFAKTKÖRN;1;NULL;0;1;HUSH_3;NULL;NULL;NULL;NULL;NULL;NULL;NULL;Matavfall;NULL;2021-12-27 09:21:07.693;174;TÖMN;NULL;NULL;12/31/21 0:00;NULL;NULL;NULL;NULL;3163587;NULL;NULL;NULL;NULL;NULL;NULL;0;3;NULL;NULL;0;6633066.01830868000000000000;204693.36203457900000000000;NULL;NULL;2021-12-27 00:00:00.000;NULL;NULL;NULL;NULL;NULL;NULL
10088092;171501;4212108221;313848;NULL;2022-01-10 09:33:28.000;NULL;R190-26Å;NULL;08013F6232;NULL;HH01;H195;NULL;HSIT1D1;CriHam;NULL;ENFAKTKÖRN;1;NULL;0;1;HUSH_3;NULL;NULL;NULL;NULL;NULL;NULL;NULL;NULL;NULL;2022-01-10 09:41:19.207;174;AVVI;NULL;NULL;1/31/22 0:00;NULL;NULL;NULL;NULL;3225795;NULL;NULL;NULL;NULL;NULL;NULL;0;3;NULL;NULL;1;6633067.93000316000000000000;204697.07601865500000000000;NULL;NULL;2022-01-10 00:00:00.000;NULL;NULL;NULL;NULL;NULL;NULL
10088095;171501;4212108221;495219;NULL;2022-01-10 09:33:03.000;NULL;M140-26Å;NULL;08887EF0FF;NULL;HH01;NULL;NULL;HSIT1D1;CriHam;NULL;ENFAKTKÖRN;1;NULL;0;1;HUSH_3;NULL;NULL;NULL;NULL;NULL;NULL;NULL;Matavfall;NULL;2022-01-10 09:41:20.253;174;TÖMN;NULL;NULL;1/31/22 0:00;NULL;NULL;NULL;NULL;3225799;NULL;NULL;NULL;NULL;NULL;NULL;0;3;NULL;NULL;0;6633068.11292098000000000000;204696.88622443400000000000;NULL;NULL;2022-01-10 00:00:00.000;NULL;NULL;NULL;NULL;NULL;NULL
10141316;171501;4212108221;495219;NULL;2022-01-24 09:08:20.000;NULL;M140-26Å;NULL;08887EF0FF;NULL;HH01;NULL;NULL;HSIT1D1;CriHam;NULL;ENFAKTKÖRN;1;NULL;0;1;HUSH_3;NULL;NULL;NULL;NULL;NULL;NULL;NULL;Matavfall;NULL;2022-01-24 09:11:16.540;174;TÖMN;NULL;NULL;1/31/22 0:00;NULL;NULL;NULL;NULL;3278669;NULL;NULL;NULL;NULL;NULL;NULL;0;3;NULL;NULL;0;6632705.74115147000000000000;204629.98507546600000000000;NULL;NULL;2022-01-24 00:00:00.000;NULL;NULL;NULL;NULL;NULL;NULL
10141519;171501;4212108221;313848;NULL;2022-01-24 09:09:24.000;NULL;R190-26Å;NULL;08013F6232;NULL;HH01;H120;NULL;HSIT1D1;CriHam;NULL;ENFAKTKÖRN;1;NULL;0;1;HUSH_3;NULL;NULL;NULL;NULL;NULL;NULL;NULL;NULL;NULL;2022-01-24 09:21:36.133;174;MTÖM;NULL;NULL;1/31/22 0:00;NULL;NULL;NULL;NULL;3278868;NULL;NULL;NULL;NULL;NULL;NULL;0;3;NULL;NULL;1;6632876.39009912000000000000;204868.57601784300000000000;NULL;NULL;2022-01-24 00:00:00.000;NULL;NULL;NULL;NULL;NULL;NULL
10205650;171501;4212108221;313848;NULL;2022-02-07 08:42:01.000;NULL;R190-26Å;NULL;08013F6232;NULL;HH01;H120;NULL;HSIT1D1;CriHam;NULL;ENFAKTKÖRN;1;NULL;0;1;HUSH_3;NULL;NULL;NULL;NULL;NULL;NULL;NULL;NULL;NULL;2022-02-07 08:51:26.947;174;MTÖM;NULL;NULL;2/28/22 0:00;NULL;NULL;NULL;NULL;3342708;NULL;NULL;NULL;NULL;NULL;NULL;0;3;NULL;NULL;1;6633065.86703523000000000000;204708.33263515900000000000;NULL;NULL;2022-02-07 00:00:00.000;NULL;NULL;NULL;NULL;NULL;NULL
10205660;171501;4212108221;495219;NULL;2022-02-07 08:41:20.000;NULL;M140-26Å;NULL;08887EF0FF;NULL;HH01;NULL;NULL;HSIT1D1;CriHam;NULL;ENFAKTKÖRN;1;NULL;0;1;HUSH_3;NULL;NULL;NULL;NULL;NULL;NULL;NULL;Matavfall;NULL;2022-02-07 08:51:29.733;174;TÖMN;NULL;NULL;2/28/22 0:00;NULL;NULL;NULL;NULL;3342718;NULL;NULL;NULL;NULL;NULL;NULL;0;3;NULL;NULL;0;6633062.81243418000000000000;204702.67086098400000000000;NULL;NULL;2022-02-07 00:00:00.000;NULL;NULL;NULL;NULL;NULL;NULL
10205661;171501;4212108221;495219;NULL;2022-02-07 08:41:35.000;NULL;M140-26Å;NULL;08887EF0FF;NULL;HH01;NULL;NULL;HSIT1D1;CriHam;NULL;ENFAKTKÖRN;1;NULL;0;1;HUSH_3;NULL;NULL;NULL;NULL;NULL;NULL;NULL;Matavfall;NULL;2022-02-07 08:51:29.903;174;TÖMN;NULL;NULL;NULL;NULL;NULL;NULL;Dubblett;3342719;NULL;NULL;NULL;NULL;NULL;NULL;1;3;NULL;NULL;0;6633063.53722733000000000000;204701.44402115000000000000;NULL;NULL;2022-02-07 00:00:00.000;NULL;NULL;NULL;NULL;NULL;NULL
10260014;171501;4212108221;313848;NULL;2022-02-21 09:01:48.000;NULL;R190-26Å;NULL;08013F6232;NULL;HH01;H100;NULL;HSIT1D1;CriHam;NULL;ENFAKTKÖRN;1;NULL;0;1;HUSH_3;NULL;NULL;NULL;NULL;NULL;NULL;NULL;NULL;NULL;2022-02-21 09:11:53.047;174;AVVI;NULL;NULL;2/28/22 0:00;NULL;NULL;NULL;NULL;3395810;NULL;NULL;NULL;NULL;NULL;NULL;0;3;NULL;NULL;1;6633062.44976556000000000000;204753.75583850700000000000;NULL;NULL;2022-02-21 00:00:00.000;NULL;NULL;NULL;NULL;NULL;NULL
10260016;171501;4212108221;495219;NULL;2022-02-21 09:01:22.000;NULL;M140-26Å;NULL;08887EF0FF;NULL;HH01;NULL;NULL;HSIT1D1;CriHam;NULL;ENFAKTKÖRN;1;NULL;0;1;HUSH_3;NULL;NULL;NULL;NULL;NULL;NULL;NULL;Matavfall;NULL;2022-02-21 09:11:53.940;174;TÖMN;NULL;NULL;2/28/22 0:00;NULL;NULL;NULL;NULL;3395813;NULL;NULL;NULL;NULL;NULL;NULL;0;3;NULL;NULL;0;6633101.86484513000000000000;204731.56528346300000000000;NULL;NULL;2022-02-21 00:00:00.000;NULL;NULL;NULL;NULL;NULL;NULL
10324928;171501;4212108221;313848;NULL;2022-03-07 08:31:42.000;NULL;R190-26Å;NULL;08013F6232;NULL;HH01;H120;NULL;HSIT1D1;CriHam;NULL;ENFAKTKÖRN;1;NULL;0;1;HUSH_3;NULL;NULL;NULL;NULL;NULL;NULL;NULL;NULL;NULL;2022-03-07 08:42:05.523;174;MTÖM;NULL;NULL;3/31/22 0:00;NULL;NULL;NULL;NULL;3459000;NULL;NULL;NULL;NULL;NULL;NULL;0;3;NULL;NULL;1;6633065.75013199000000000000;204687.75283680400000000000;NULL;NULL;2022-03-07 00:00:00.000;NULL;NULL;NULL;NULL;NULL;NULL
10324930;171501;4212108221;495219;NULL;2022-03-07 08:31:12.000;NULL;M140-26Å;NULL;08887EF0FF;NULL;HH01;NULL;NULL;HSIT1D1;CriHam;NULL;ENFAKTKÖRN;1;NULL;0;1;HUSH_3;NULL;NULL;NULL;NULL;NULL;NULL;NULL;Matavfall;NULL;2022-03-07 08:42:06.430;174;TÖMN;NULL;NULL;3/31/22 0:00;NULL;NULL;NULL;NULL;3459003;NULL;NULL;NULL;NULL;NULL;NULL;0;3;NULL;NULL;0;6633068.17482221000000000000;204688.46560837000000000000;NULL;NULL;2022-03-07 00:00:00.000;NULL;NULL;NULL;NULL;NULL;NULL
10378744;171501;4212108221;313848;NULL;2022-03-21 08:50:52.000;NULL;R190-26Å;NULL;08013F6232;NULL;HH01;H120;NULL;HSIT1D1;CriHam;NULL;ENFAKTKÖRN;1;NULL;0;1;HUSH_3;NULL;NULL;NULL;NULL;NULL;NULL;NULL;NULL;NULL;2022-03-21 08:53:05.033;174;MTÖM;NULL;NULL;3/31/22 0:00;NULL;NULL;NULL;NULL;3511541;NULL;NULL;NULL;NULL;NULL;NULL;0;3;NULL;NULL;1;6633087.57516235000000000000;204719.61379711900000000000;NULL;NULL;2022-03-21 00:00:00.000;NULL;NULL;NULL;NULL;NULL;NULL
10378745;171501;4212108221;495219;NULL;2022-03-21 08:50:21.000;NULL;M140-26Å;NULL;08887EF0FF;NULL;HH01;NULL;NULL;HSIT1D1;CriHam;NULL;ENFAKTKÖRN;1;NULL;0;1;HUSH_3;NULL;NULL;NULL;NULL;NULL;NULL;NULL;Matavfall;NULL;2022-03-21 08:53:05.830;174;TÖMN;NULL;NULL;3/31/22 0:00;NULL;NULL;NULL;NULL;3511543;NULL;NULL;NULL;NULL;NULL;NULL;0;3;NULL;NULL;0;6633106.24512538000000000000;204713.72607641200000000000;NULL;NULL;2022-03-21 00:00:00.000;NULL;NULL;NULL;NULL;NULL;NULL
10446101;171501;4212108221;495219;NULL;2022-04-04 11:07:31.000;NULL;M140-26Å;NULL;08887EF0FF;NULL;HH01;NULL;NULL;HSIT1D1;CriHam;NULL;ENFAKTKÖRN;1;NULL;0;1;HUSH_3;NULL;NULL;NULL;NULL;NULL;NULL;NULL;Matavfall;NULL;2022-04-04 11:11:10.460;174;TÖMN;NULL;NULL;4/30/22 0:00;NULL;NULL;NULL;NULL;3577460;NULL;NULL;NULL;NULL;NULL;NULL;0;3;NULL;NULL;0;6633097.23399458000000000000;204707.12290555700000000000;NULL;NULL;2022-04-04 00:00:00.000;NULL;NULL;NULL;NULL;NULL;NULL
10446122;171501;4212108221;313848;NULL;2022-04-04 11:10:12.000;NULL;R190-26Å;NULL;08887E326E;NULL;HH01;H195;NULL;HSIT1D1;CriHam;NULL;ENFAKTKÖRN;1;NULL;0;1;HUSH_3;NULL;NULL;NULL;NULL;NULL;NULL;NULL;NULL;NULL;2022-04-04 11:13:09.203;174;AVVI;NULL;NULL;4/30/22 0:00;NULL;NULL;NULL;NULL;3577480;NULL;NULL;NULL;NULL;NULL;NULL;0;3;NULL;NULL;1;6633121.95418681000000000000;204947.93395999900000000000;NULL;NULL;2022-04-04 00:00:00.000;NULL;NULL;NULL;NULL;NULL;NULL
10499939;171501;4212108221;313848;NULL;2022-04-18 08:48:57.000;NULL;R190-26Å;NULL;08887E326E;NULL;HH01;NULL;NULL;HSIT1D1;CriHam;NULL;ENFAKTKÖRN;1;NULL;0;1;HUSH_3;NULL;NULL;NULL;NULL;NULL;NULL;NULL;Restavfall;NULL;2022-04-18 08:53:25.457;174;TÖMN;NULL;NULL;4/30/22 0:00;NULL;NULL;NULL;NULL;3629524;NULL;NULL;NULL;NULL;NULL;NULL;0;3;NULL;NULL;0;6633056.70329917000000000000;204716.60648248900000000000;NULL;NULL;2022-04-18 00:00:00.000;NULL;NULL;NULL;NULL;NULL;NULL
10499940;171501;4212108221;495219;NULL;2022-04-18 08:48:57.000;NULL;M140-26Å;NULL;08887EF0FF;NULL;HH01;NULL;NULL;HSIT1D1;CriHam;NULL;ENFAKTKÖRN;1;NULL;0;1;HUSH_3;NULL;NULL;NULL;NULL;NULL;NULL;NULL;Matavfall;NULL;2022-04-18 08:53:25.660;174;TÖMN;NULL;NULL;4/30/22 0:00;NULL;NULL;NULL;NULL;3629525;NULL;NULL;NULL;NULL;NULL;NULL;0;3;NULL;NULL;0;6633056.70329917000000000000;204716.60648248900000000000;NULL;NULL;2022-04-18 00:00:00.000;NULL;NULL;NULL;NULL;NULL;NULL
10593579;171501;4212108221;313848;NULL;2022-05-02 12:06:50.000;NULL;R190-26Å;NULL;08887E326E;NULL;HH01;NULL;NULL;HSIT1D1;CriHam;NULL;ENFAKTKÖRN;1;NULL;0;1;HUSH_3;NULL;NULL;NULL;NULL;NULL;NULL;NULL;Restavfall;NULL;2022-05-02 12:09:10.627;174;TÖMN;NULL;NULL;5/31/22 0:00;NULL;NULL;NULL;NULL;3721494;NULL;NULL;NULL;NULL;NULL;NULL;0;3;NULL;NULL;0;6633052.65752745000000000000;204757.17431867700000000000;NULL;NULL;2022-05-02 00:00:00.000;NULL;NULL;NULL;NULL;NULL;NULL
10593618;171501;4212108221;495219;NULL;2022-05-02 12:07:57.000;NULL;M140-26Å;NULL;08887EF0FF;NULL;HH01;H195;NULL;HSIT1D1;CriHam;NULL;ENFAKTKÖRN;1;NULL;0;1;HUSH_3;NULL;NULL;NULL;NULL;NULL;NULL;NULL;NULL;NULL;2022-05-02 12:11:07.963;174;AVVI;NULL;NULL;5/31/22 0:00;NULL;NULL;NULL;NULL;3721532;NULL;NULL;NULL;NULL;NULL;NULL;0;3;NULL;NULL;1;6633083.25220884000000000000;204980.59404177700000000000;NULL;NULL;2022-05-02 00:00:00.000;NULL;NULL;NULL;NULL;NULL;NULL
10701055;171501;4212108221;313848;NULL;2022-05-18 07:47:06.000;NULL;R190-26Å;NULL;08887E326E;NULL;HH03;NULL;NULL;587;MatBen;NULL;ENFAKTKÖRN;1;NULL;0;1;HUSH_3;NULL;NULL;NULL;NULL;NULL;NULL;NULL;Restavfall;NULL;2022-05-18 07:59:05.880;174;TÖMN;NULL;NULL;5/31/22 0:00;NULL;NULL;NULL;NULL;3826678;NULL;NULL;NULL;NULL;NULL;NULL;0;3;NULL;NULL;0;6633046.87670660000000000000;204667.16802855500000000000;NULL;NULL;2022-05-18 00:00:00.000;NULL;NULL;NULL;NULL;NULL;NULL
10701056;171501;4212108221;495219;NULL;2022-05-18 07:47:06.000;NULL;M140-26Å;NULL;08887EF0FF;NULL;HH03;NULL;NULL;587;MatBen;NULL;ENFAKTKÖRN;1;NULL;0;1;HUSH_3;NULL;NULL;NULL;NULL;NULL;NULL;NULL;Matavfall;NULL;2022-05-18 07:59:06.047;174;TÖMN;NULL;NULL;5/31/22 0:00;NULL;NULL;NULL;NULL;3826679;NULL;NULL;NULL;NULL;NULL;NULL;0;3;NULL;NULL;0;6633046.87670660000000000000;204667.16802855500000000000;NULL;NULL;2022-05-18 00:00:00.000;NULL;NULL;NULL;NULL;NULL;NULL
10793336;171501;4212108221;313848;NULL;2022-06-01 08:06:44.000;NULL;R190-26Å;NULL;08887E326E;NULL;HH03;NULL;NULL;587;MatBen;NULL;ENFAKTKÖRN;1;NULL;0;1;HUSH_3;NULL;NULL;NULL;NULL;NULL;NULL;NULL;Restavfall;NULL;2022-06-01 09:41:45.817;174;TÖMN;NULL;NULL;6/30/22 0:00;NULL;NULL;NULL;NULL;3917757;NULL;NULL;NULL;NULL;NULL;NULL;0;3;NULL;NULL;0;6633057.73345168000000000000;204672.99584062200000000000;NULL;NULL;2022-06-01 00:00:00.000;NULL;NULL;NULL;NULL;NULL;NULL
10793337;171501;4212108221;495219;NULL;2022-06-01 08:06:44.000;NULL;M140-26Å;NULL;08887EF0FF;NULL;HH03;NULL;NULL;587;MatBen;NULL;ENFAKTKÖRN;1;NULL;0;1;HUSH_3;NULL;NULL;NULL;NULL;NULL;NULL;NULL;Matavfall;NULL;2022-06-01 09:41:45.990;174;TÖMN;NULL;NULL;6/30/22 0:00;NULL;NULL;NULL;NULL;3917758;NULL;NULL;NULL;NULL;NULL;NULL;0;3;NULL;NULL;0;6633058.30007991000000000000;204673.64238021400000000000;NULL;NULL;2022-06-01 00:00:00.000;NULL;NULL;NULL;NULL;NULL;NULL
10886777;171501;4212108221;495219;NULL;2022-06-15 09:53:09.000;NULL;M140-26Å;NULL;08887EF0FF;NULL;HH03;NULL;NULL;587;MatBen;NULL;ENFAKTKÖRN;1;NULL;0;1;HUSH_3;NULL;NULL;NULL;NULL;NULL;NULL;NULL;Matavfall;NULL;2022-06-15 10:01:18.383;174;TÖMN;NULL;NULL;6/30/22 0:00;NULL;NULL;NULL;NULL;4009171;NULL;NULL;NULL;NULL;NULL;NULL;0;3;NULL;NULL;0;6633065.15322861000000000000;204697.67816272800000000000;NULL;NULL;2022-06-15 00:00:00.000;NULL;NULL;NULL;NULL;NULL;NULL
10886778;171501;4212108221;313848;NULL;2022-06-15 09:53:09.000;NULL;R190-26Å;NULL;08887E326E;NULL;HH03;NULL;NULL;587;MatBen;NULL;ENFAKTKÖRN;1;NULL;0;1;HUSH_3;NULL;NULL;NULL;NULL;NULL;NULL;NULL;Restavfall;NULL;2022-06-15 10:01:18.553;174;TÖMN;NULL;NULL;6/30/22 0:00;NULL;NULL;NULL;NULL;4009172;NULL;NULL;NULL;NULL;NULL;NULL;0;3;NULL;NULL;0;6633065.15322861000000000000;204697.67816272800000000000;NULL;NULL;2022-06-15 00:00:00.000;NULL;NULL;NULL;NULL;NULL;NULL
10980906;171501;4212108221;495219;NULL;2022-06-29 10:50:05.000;NULL;M140-26Å;NULL;08887EF0FF;NULL;HH03;NULL;NULL;587;MatBen;NULL;ENFAKTKÖRN;1;NULL;0;1;HUSH_3;NULL;NULL;NULL;NULL;NULL;NULL;NULL;Matavfall;NULL;2022-06-29 10:53:04.627;174;TÖMN;NULL;NULL;6/30/22 0:00;NULL;NULL;NULL;NULL;4100814;NULL;NULL;NULL;NULL;NULL;NULL;0;3;NULL;NULL;0;6633066.68808892000000000000;204701.02347771400000000000;NULL;NULL;2022-06-29 00:00:00.000;NULL;NULL;NULL;NULL;NULL;NULL
10980907;171501;4212108221;313848;NULL;2022-06-29 10:50:05.000;NULL;R190-26Å;NULL;08887E326E;NULL;HH03;NULL;NULL;587;MatBen;NULL;ENFAKTKÖRN;1;NULL;0;1;HUSH_3;NULL;NULL;NULL;NULL;NULL;NULL;NULL;Restavfall;NULL;2022-06-29 10:53:04.800;174;TÖMN;NULL;NULL;6/30/22 0:00;NULL;NULL;NULL;NULL;4100815;NULL;NULL;NULL;NULL;NULL;NULL;0;3;NULL;NULL;0;6633066.68808892000000000000;204701.02347771400000000000;NULL;NULL;2022-06-29 00:00:00.000;NULL;NULL;NULL;NULL;NULL;NULL
11078282;171501;4212108221;495219;NULL;2022-07-13 11:15:13.000;NULL;M140-26Å;NULL;08887EF0FF;NULL;HH03;NULL;NULL;587;MatBen;NULL;ENFAKTKÖRN;1;NULL;0;1;HUSH_3;NULL;NULL;NULL;NULL;NULL;NULL;NULL;Matavfall;NULL;2022-07-13 11:25:08.007;174;TÖMN;NULL;NULL;7/31/22 0:00;NULL;NULL;NULL;NULL;4195557;NULL;NULL;NULL;NULL;NULL;NULL;0;3;NULL;NULL;0;6633053.36077668000000000000;203992.18610656500000000000;NULL;NULL;2022-07-13 00:00:00.000;NULL;NULL;NULL;NULL;NULL;NULL
11078283;171501;4212108221;313848;NULL;2022-07-13 11:15:13.000;NULL;R190-26Å;NULL;08887E326E;NULL;HH03;NULL;NULL;587;MatBen;NULL;ENFAKTKÖRN;1;NULL;0;1;HUSH_3;NULL;NULL;NULL;NULL;NULL;NULL;NULL;Restavfall;NULL;2022-07-13 11:25:08.180;174;TÖMN;NULL;NULL;7/31/22 0:00;NULL;NULL;NULL;NULL;4195558;NULL;NULL;NULL;NULL;NULL;NULL;0;3;NULL;NULL;0;6633055.35833440000000000000;203989.06989679100000000000;NULL;NULL;2022-07-13 00:00:00.000;NULL;NULL;NULL;NULL;NULL;NULL
11167786;171501;4212108221;495219;NULL;2022-07-27 06:54:07.000;NULL;M140-26Å;NULL;08887EF0FF;NULL;HH03;NULL;NULL;587;KarEkb;NULL;ENFAKTKÖRN;1;NULL;0;1;HUSH_3;NULL;NULL;NULL;NULL;NULL;NULL;NULL;Matavfall;NULL;2022-07-27 06:57:07.777;174;TÖMN;NULL;NULL;7/31/22 0:00;NULL;NULL;NULL;NULL;4282972;NULL;NULL;NULL;NULL;NULL;NULL;0;3;NULL;NULL;0;6633067.38537569000000000000;204697.92599769500000000000;NULL;NULL;2022-07-27 00:00:00.000;NULL;NULL;NULL;NULL;NULL;NULL
11167787;171501;4212108221;313848;NULL;2022-07-27 06:54:07.000;NULL;R190-26Å;NULL;08887E326E;NULL;HH03;NULL;NULL;587;KarEkb;NULL;ENFAKTKÖRN;1;NULL;0;1;HUSH_3;NULL;NULL;NULL;NULL;NULL;NULL;NULL;Restavfall;NULL;2022-07-27 06:57:07.950;174;TÖMN;NULL;NULL;7/31/22 0:00;NULL;NULL;NULL;NULL;4282973;NULL;NULL;NULL;NULL;NULL;NULL;0;3;NULL;NULL;0;6633067.38537569000000000000;204697.92599769500000000000;NULL;NULL;2022-07-27 00:00:00.000;NULL;NULL;NULL;NULL;NULL;NULL
11239671;171501;4212108221;313848;NULL;2022-03-23 08:54:00.000;2022-03-23 08:54:00.000;TAGG_SAKNAS;NULL;NULL;NULL;HH12;NULL;NULL;NULL;NULL;NULL;ENFAKTKÖRN;1;NULL;0;1;HUSH_3;475041;1;NULL;NULL;NULL;NULL;NULL;NULL;NULL;2022-08-08 07:06:36.060;590;DEBI;NULL;NULL;7/31/22 0:00;NULL;NULL;NULL;NULL;NULL;NULL;NULL;NULL;NULL;NULL;NULL;0;3;NULL;NULL;0;6633043.42655427000000000000;204912.04691548200000000000;NULL;NULL;2022-03-23 00:00:00.000;NULL;NULL;NULL;NULL;NULL;NULL
11266023;171501;4212108221;313848;NULL;2022-08-10 12:00:30.000;NULL;R190-26Å;NULL;08887E326E;NULL;HH03;NULL;NULL;587;KarEkb;NULL;ENFAKTKÖRN;1;NULL;0;1;HUSH_3;NULL;NULL;NULL;NULL;NULL;NULL;NULL;Restavfall;NULL;2022-08-10 12:03:05.160;174;TÖMN;NULL;NULL;8/31/22 0:00;NULL;NULL;NULL;NULL;4378838;NULL;NULL;NULL;NULL;NULL;NULL;0;3;NULL;NULL;0;6633068.90237015000000000000;204687.42583722500000000000;NULL;NULL;2022-08-10 00:00:00.000;NULL;NULL;NULL;NULL;NULL;NULL
11266024;171501;4212108221;495219;NULL;2022-08-10 12:00:30.000;NULL;M140-26Å;NULL;08887EF0FF;NULL;HH03;NULL;NULL;587;KarEkb;NULL;ENFAKTKÖRN;1;NULL;0;1;HUSH_3;NULL;NULL;NULL;NULL;NULL;NULL;NULL;Matavfall;NULL;2022-08-10 12:03:05.333;174;TÖMN;NULL;NULL;8/31/22 0:00;NULL;NULL;NULL;NULL;4378839;NULL;NULL;NULL;NULL;NULL;NULL;0;3;NULL;NULL;0;6633068.90237015000000000000;204687.42583722500000000000;NULL;NULL;2022-08-10 00:00:00.000;NULL;NULL;NULL;NULL;NULL;NULL
11358727;171501;4212108221;495219;NULL;2022-08-24 10:49:42.000;NULL;M140-26Å;NULL;08887EF0FF;NULL;HH03;NULL;NULL;587;MatBen;NULL;ENFAKTKÖRN;1;NULL;0;1;HUSH_3;NULL;NULL;NULL;NULL;NULL;NULL;NULL;Matavfall;NULL;2022-08-24 11:43:35.407;174;TÖMN;NULL;NULL;8/31/22 0:00;NULL;NULL;NULL;NULL;4468852;NULL;NULL;NULL;NULL;NULL;NULL;0;3;NULL;NULL;0;6633073.61971603000000000000;204705.13139445400000000000;NULL;NULL;2022-08-24 00:00:00.000;NULL;NULL;NULL;NULL;NULL;NULL
11358728;171501;4212108221;313848;NULL;2022-08-24 10:49:42.000;NULL;R190-26Å;NULL;08887E326E;NULL;HH03;NULL;NULL;587;MatBen;NULL;ENFAKTKÖRN;1;NULL;0;1;HUSH_3;NULL;NULL;NULL;NULL;NULL;NULL;NULL;Restavfall;NULL;2022-08-24 11:43:35.580;174;TÖMN;NULL;NULL;8/31/22 0:00;NULL;NULL;NULL;NULL;4468853;NULL;NULL;NULL;NULL;NULL;NULL;0;3;NULL;NULL;0;6633073.80675996000000000000;204705.22219589400000000000;NULL;NULL;2022-08-24 00:00:00.000;NULL;NULL;NULL;NULL;NULL;NULL
11449568;171501;4212108221;495219;NULL;2022-09-07 10:19:34.000;NULL;M140-26Å;NULL;08887EF0FF;NULL;HH03;NULL;NULL;587;MatBen;NULL;ENFAKTKÖRN;1;NULL;0;1;HUSH_3;NULL;NULL;NULL;NULL;NULL;NULL;NULL;Matavfall;NULL;2022-09-07 11:41:40.240;174;TÖMN;NULL;NULL;9/30/22 0:00;NULL;NULL;NULL;NULL;4557378;NULL;NULL;NULL;NULL;NULL;NULL;0;3;NULL;NULL;0;6633060.46338328000000000000;204694.47278624700000000000;NULL;NULL;2022-09-07 00:00:00.000;NULL;NULL;NULL;NULL;NULL;NULL
11449569;171501;4212108221;313848;NULL;2022-09-07 10:19:34.000;NULL;R190-26Å;NULL;08887E326E;NULL;HH03;NULL;NULL;587;MatBen;NULL;ENFAKTKÖRN;1;NULL;0;1;HUSH_3;NULL;NULL;NULL;NULL;NULL;NULL;NULL;Restavfall;NULL;2022-09-07 11:41:40.413;174;TÖMN;NULL;NULL;9/30/22 0:00;NULL;NULL;NULL;NULL;4557379;NULL;NULL;NULL;NULL;NULL;NULL;0;3;NULL;NULL;0;6633060.46338328000000000000;204694.47278624700000000000;NULL;NULL;2022-09-07 00:00:00.000;NULL;NULL;NULL;NULL;NULL;NULL
11538504;171501;4212108221;495219;NULL;2022-09-21 11:15:31.000;NULL;M140-26Å;NULL;08887EF0FF;NULL;HH03;NULL;NULL;587;MatBen;NULL;ENFAKTKÖRN;1;NULL;0;1;HUSH_3;NULL;NULL;NULL;NULL;NULL;NULL;NULL;Matavfall;NULL;2022-09-21 11:22:11.543;174;TÖMN;NULL;NULL;9/30/22 0:00;NULL;NULL;NULL;NULL;4644245;NULL;NULL;NULL;NULL;NULL;NULL;0;3;NULL;NULL;0;6633026.68677271000000000000;204922.86557163300000000000;NULL;NULL;2022-09-21 00:00:00.000;NULL;NULL;NULL;NULL;NULL;NULL
11538505;171501;4212108221;313848;NULL;2022-09-21 11:15:31.000;NULL;R190-26Å;NULL;08887E326E;NULL;HH03;NULL;NULL;587;MatBen;NULL;ENFAKTKÖRN;1;NULL;0;1;HUSH_3;NULL;NULL;NULL;NULL;NULL;NULL;NULL;Restavfall;NULL;2022-09-21 11:22:11.723;174;TÖMN;NULL;NULL;9/30/22 0:00;NULL;NULL;NULL;NULL;4644246;NULL;NULL;NULL;NULL;NULL;NULL;0;3;NULL;NULL;0;6633025.57552482000000000000;204923.06908581300000000000;NULL;NULL;2022-09-21 00:00:00.000;NULL;NULL;NULL;NULL;NULL;NULL
11622249;171501;4212108221;313848;NULL;2022-10-05 09:33:49.000;NULL;R190-26Å;NULL;08887E326E;NULL;HH03;NULL;NULL;587;MatBen;NULL;ENFAKTKÖRN;1;NULL;0;1;HUSH_3;NULL;NULL;NULL;NULL;NULL;NULL;NULL;Restavfall;NULL;2022-10-05 09:37:04.240;174;TÖMN;NULL;NULL;10/31/22 0:00;NULL;NULL;NULL;NULL;4725845;NULL;NULL;NULL;NULL;NULL;NULL;0;3;NULL;NULL;0;6633065.74325669000000000000;204687.28517616200000000000;NULL;NULL;2022-10-05 00:00:00.000;NULL;NULL;NULL;NULL;NULL;NULL
11622250;171501;4212108221;495219;NULL;2022-10-05 09:33:49.000;NULL;M140-26Å;NULL;08887EF0FF;NULL;HH03;NULL;NULL;587;MatBen;NULL;ENFAKTKÖRN;1;NULL;0;1;HUSH_3;NULL;NULL;NULL;NULL;NULL;NULL;NULL;Matavfall;NULL;2022-10-05 09:37:04.437;174;TÖMN;NULL;NULL;10/31/22 0:00;NULL;NULL;NULL;NULL;4725846;NULL;NULL;NULL;NULL;NULL;NULL;0;3;NULL;NULL;0;6633065.74325669000000000000;204687.28517616200000000000;NULL;NULL;2022-10-05 00:00:00.000;NULL;NULL;NULL;NULL;NULL;NULL
11701823;171501;4212108221;313848;NULL;2022-10-19 09:01:41.000;NULL;R190-26Å;NULL;08887E326E;NULL;HH03;NULL;NULL;587;MatBen;NULL;ENFAKTKÖRN;1;NULL;0;1;HUSH_3;NULL;NULL;NULL;NULL;NULL;NULL;NULL;Restavfall;NULL;2022-10-19 09:04:04.247;174;TÖMN;NULL;NULL;10/31/22 0:00;NULL;NULL;NULL;NULL;4803135;NULL;NULL;NULL;NULL;NULL;NULL;0;3;NULL;NULL;0;6633070.30793568000000000000;204694.60869522700000000000;NULL;NULL;2022-10-19 00:00:00.000;NULL;NULL;NULL;NULL;NULL;NULL
11701824;171501;4212108221;495219;NULL;2022-10-19 09:01:41.000;NULL;M140-26Å;NULL;08887EF0FF;NULL;HH03;NULL;NULL;587;MatBen;NULL;ENFAKTKÖRN;1;NULL;0;1;HUSH_3;NULL;NULL;NULL;NULL;NULL;NULL;NULL;Matavfall;NULL;2022-10-19 09:04:04.437;174;TÖMN;NULL;NULL;10/31/22 0:00;NULL;NULL;NULL;NULL;4803136;NULL;NULL;NULL;NULL;NULL;NULL;0;3;NULL;NULL;0;6633070.86494097000000000000;204694.60050534700000000000;NULL;NULL;2022-10-19 00:00:00.000;NULL;NULL;NULL;NULL;NULL;NULL
11757181;171501;4212108221;495219;NULL;2022-11-02 07:26:07.000;NULL;M140-26Å;NULL;08887EF0FF;NULL;HH10;NULL;NULL;520;FriJan;NULL;ENFAKTKÖRN;1;NULL;0;1;HUSH_3;NULL;NULL;NULL;NULL;NULL;NULL;NULL;Matavfall;NULL;2022-11-02 07:43:06.570;174;TÖMN;NULL;NULL;11/30/22 0:00;NULL;NULL;NULL;NULL;4856341;NULL;NULL;NULL;NULL;NULL;NULL;0;3;NULL;NULL;0;6633068.99863005000000000000;204693.97308061200000000000;NULL;NULL;2022-11-02 00:00:00.000;NULL;NULL;NULL;NULL;NULL;NULL
11757182;171501;4212108221;313848;NULL;2022-11-02 07:26:07.000;NULL;R190-26Å;NULL;08887E326E;NULL;HH10;NULL;NULL;520;FriJan;NULL;ENFAKTKÖRN;1;NULL;0;1;HUSH_3;NULL;NULL;NULL;NULL;NULL;NULL;NULL;Restavfall;NULL;2022-11-02 07:43:06.757;174;TÖMN;NULL;NULL;11/30/22 0:00;NULL;NULL;NULL;NULL;4856342;NULL;NULL;NULL;NULL;NULL;NULL;0;3;NULL;NULL;0;6633068.99863005000000000000;204693.97308061200000000000;NULL;NULL;2022-11-02 00:00:00.000;NULL;NULL;NULL;NULL;NULL;NULL
11822585;171501;4212108221;495219;NULL;2022-11-16 10:05:12.000;NULL;M140-26Å;NULL;08887EF0FF;NULL;HH17;NULL;NULL;520;KarHje;NULL;ENFAKTKÖRN;1;NULL;0;1;HUSH_3;NULL;NULL;NULL;NULL;NULL;NULL;NULL;Matavfall;NULL;2022-11-16 10:10:06.253;174;TÖMN;NULL;NULL;11/30/22 0:00;NULL;NULL;NULL;NULL;4919999;NULL;NULL;NULL;NULL;NULL;NULL;0;3;NULL;NULL;0;6633101.73645676000000000000;204785.92059458300000000000;NULL;NULL;2022-11-16 00:00:00.000;NULL;NULL;NULL;NULL;NULL;NULL
11822586;171501;4212108221;313848;NULL;2022-11-16 10:05:12.000;NULL;R190-26Å;NULL;08887E326E;NULL;HH17;NULL;NULL;520;KarHje;NULL;ENFAKTKÖRN;1;NULL;0;1;HUSH_3;NULL;NULL;NULL;NULL;NULL;NULL;NULL;Restavfall;NULL;2022-11-16 10:10:06.440;174;TÖMN;NULL;NULL;11/30/22 0:00;NULL;NULL;NULL;NULL;4920000;NULL;NULL;NULL;NULL;NULL;NULL;0;3;NULL;NULL;0;6633101.73645676000000000000;204785.92059458300000000000;NULL;NULL;2022-11-16 00:00:00.000;NULL;NULL;NULL;NULL;NULL;NULL
11881494;171501;4212108221;313848;NULL;2022-11-30 12:44:00.000;NULL;R190-26Å;NULL;08887E326E;NULL;HH10;NULL;NULL;520;FriJan;NULL;ENFAKTKÖRN;1;NULL;0;1;HUSH_3;NULL;NULL;NULL;NULL;NULL;NULL;NULL;Restavfall;NULL;2022-11-30 12:49:07.237;174;TÖMN;NULL;NULL;11/30/22 0:00;NULL;NULL;NULL;NULL;4977197;NULL;NULL;NULL;NULL;NULL;NULL;0;3;NULL;NULL;0;6633063.46983501000000000000;204696.86094401600000000000;NULL;NULL;2022-11-30 00:00:00.000;NULL;NULL;NULL;NULL;NULL;NULL
11881505;171501;4212108221;495219;NULL;2022-11-30 12:44:00.000;NULL;M140-26Å;NULL;08887EF0FF;NULL;HH10;NULL;NULL;520;FriJan;NULL;ENFAKTKÖRN;1;NULL;0;1;HUSH_3;NULL;NULL;NULL;NULL;NULL;NULL;NULL;Matavfall;NULL;2022-11-30 12:49:09.613;174;TÖMN;NULL;NULL;11/30/22 0:00;NULL;NULL;NULL;NULL;4977208;NULL;NULL;NULL;NULL;NULL;NULL;0;3;NULL;NULL;0;6633063.46983501000000000000;204696.86094401600000000000;NULL;NULL;2022-11-30 00:00:00.000;NULL;NULL;NULL;NULL;NULL;NULL
11941184;171501;4212108221;313848;NULL;2022-12-14 10:48:33.000;NULL;R190-26Å;NULL;08887E326E;NULL;HH03;NULL;NULL;520;MatBen;NULL;ENFAKTKÖRN;1;NULL;0;1;HUSH_3;NULL;NULL;NULL;NULL;NULL;NULL;NULL;Restavfall;NULL;2022-12-14 10:52:03.210;174;TÖMN;NULL;NULL;12/31/22 0:00;NULL;NULL;NULL;NULL;5035526;NULL;NULL;NULL;NULL;NULL;NULL;0;3;NULL;NULL;0;6633067.05531130000000000000;204688.10785789400000000000;NULL;NULL;2022-12-14 00:00:00.000;NULL;NULL;NULL;NULL;NULL;NULL
11941201;171501;4212108221;495219;NULL;2022-12-14 10:48:33.000;NULL;M140-26Å;NULL;08887EF0FF;NULL;HH03;NULL;NULL;520;MatBen;NULL;ENFAKTKÖRN;1;NULL;0;1;HUSH_3;NULL;NULL;NULL;NULL;NULL;NULL;NULL;Matavfall;NULL;2022-12-14 10:52:07.700;174;TÖMN;NULL;NULL;12/31/22 0:00;NULL;NULL;NULL;NULL;5035543;NULL;NULL;NULL;NULL;NULL;NULL;0;3;NULL;NULL;0;6633067.05531130000000000000;204688.10785789400000000000;NULL;NULL;2022-12-14 00:00:00.000;NULL;NULL;NULL;NULL;NULL;NULL
11999090;171501;4212108221;495219;NULL;2022-12-28 11:25:40.000;NULL;M140-26Å;NULL;08887EF0FF;NULL;HH03;NULL;NULL;520;MatBen;NULL;ENFAKTKÖRN;1;NULL;0;1;HUSH_3;NULL;NULL;NULL;NULL;NULL;NULL;NULL;Matavfall;NULL;2022-12-28 11:28:10.943;174;TÖMN;NULL;NULL;12/31/22 0:00;NULL;NULL;NULL;NULL;5092064;NULL;NULL;NULL;NULL;NULL;NULL;0;3;NULL;NULL;0;6633071.03273148000000000000;204693.38185943600000000000;NULL;NULL;2022-12-28 00:00:00.000;NULL;NULL;NULL;NULL;NULL;NULL
11999091;171501;4212108221;313848;NULL;2022-12-28 11:25:40.000;NULL;R190-26Å;NULL;08887E326E;NULL;HH03;NULL;NULL;520;MatBen;NULL;ENFAKTKÖRN;1;NULL;0;1;HUSH_3;NULL;NULL;NULL;NULL;NULL;NULL;NULL;Restavfall;NULL;2022-12-28 11:28:11.127;174;TÖMN;NULL;NULL;12/31/22 0:00;NULL;NULL;NULL;NULL;5092065;NULL;NULL;NULL;NULL;NULL;NULL;0;3;NULL;NULL;0;6633071.03273148000000000000;204693.38185943600000000000;NULL;NULL;2022-12-28 00:00:00.000;NULL;NULL;NULL;NULL;NULL;NULL
12058592;171501;4212108221;495219;NULL;2023-01-11 10:48:35.000;NULL;M140-26Å;NULL;08887EF0FF;NULL;HH14;NULL;NULL;520;FriJan;NULL;ENFAKTKÖRN;1;NULL;0;1;HUSH_3;NULL;NULL;NULL;NULL;NULL;NULL;NULL;Matavfall;NULL;2023-01-11 10:55:04.977;174;TÖMN;NULL;NULL;1/31/23 0:00;NULL;NULL;NULL;NULL;5150430;NULL;NULL;NULL;NULL;NULL;NULL;0;3;NULL;NULL;0;6633068.10329396000000000000;204696.23149994200000000000;NULL;NULL;2023-01-11 00:00:00.000;NULL;NULL;NULL;NULL;NULL;NULL
12058593;171501;4212108221;313848;NULL;2023-01-11 10:48:35.000;NULL;R190-26Å;NULL;08887E326E;NULL;HH14;NULL;NULL;520;FriJan;NULL;ENFAKTKÖRN;1;NULL;0;1;HUSH_3;NULL;NULL;NULL;NULL;NULL;NULL;NULL;Restavfall;NULL;2023-01-11 10:55:05.217;174;TÖMN;NULL;NULL;1/31/23 0:00;NULL;NULL;NULL;NULL;5150431;NULL;NULL;NULL;NULL;NULL;NULL;0;3;NULL;NULL;0;6633068.47188026000000000000;204696.03897574300000000000;NULL;NULL;2023-01-11 00:00:00.000;NULL;NULL;NULL;NULL;NULL;NULL
12115016;171501;4212108221;313848;NULL;2023-01-25 10:57:46.000;NULL;R190-26Å;NULL;08887E326E;NULL;HH03;NULL;NULL;520;MatBen;NULL;ENFAKTKÖRN;1;NULL;0;1;HUSH_3;NULL;NULL;NULL;NULL;NULL;NULL;NULL;Restavfall;NULL;2023-01-25 11:01:05.660;174;TÖMN;NULL;NULL;1/31/23 0:00;NULL;NULL;NULL;NULL;5205660;NULL;NULL;NULL;NULL;NULL;NULL;0;3;NULL;NULL;0;6633065.18487634000000000000;204687.19983278900000000000;NULL;NULL;2023-01-25 00:00:00.000;NULL;NULL;NULL;NULL;NULL;NULL
12115017;171501;4212108221;495219;NULL;2023-01-25 10:57:46.000;NULL;M140-26Å;NULL;08887EF0FF;NULL;HH03;NULL;NULL;520;MatBen;NULL;ENFAKTKÖRN;1;NULL;0;1;HUSH_3;NULL;NULL;NULL;NULL;NULL;NULL;NULL;Matavfall;NULL;2023-01-25 11:01:05.840;174;TÖMN;NULL;NULL;1/31/23 0:00;NULL;NULL;NULL;NULL;5205661;NULL;NULL;NULL;NULL;NULL;NULL;0;3;NULL;NULL;0;6633065.18487634000000000000;204687.19983278900000000000;NULL;NULL;2023-01-25 00:00:00.000;NULL;NULL;NULL;NULL;NULL;NULL
12174221;171501;4212108221;313848;NULL;2023-02-08 08:42:35.000;NULL;R190-26Å;NULL;08887E326E;NULL;HH03;NULL;NULL;587;MatBen;NULL;ENFAKTKÖRN;1;NULL;0;1;HUSH_3;NULL;NULL;NULL;NULL;NULL;NULL;NULL;Restavfall;NULL;2023-02-08 08:46:04.610;174;TÖMN;NULL;NULL;2/28/23 0:00;NULL;NULL;NULL;NULL;5263516;NULL;NULL;NULL;NULL;NULL;NULL;0;3;NULL;NULL;0;6633066.70322574000000000000;204689.42276662700000000000;NULL;NULL;2023-02-08 00:00:00.000;NULL;NULL;NULL;NULL;NULL;NULL
12174222;171501;4212108221;495219;NULL;2023-02-08 08:42:35.000;NULL;M140-26Å;NULL;08887EF0FF;NULL;HH03;NULL;NULL;587;MatBen;NULL;ENFAKTKÖRN;1;NULL;0;1;HUSH_3;NULL;NULL;NULL;NULL;NULL;NULL;NULL;Matavfall;NULL;2023-02-08 08:46:04.793;174;TÖMN;NULL;NULL;2/28/23 0:00;NULL;NULL;NULL;NULL;5263517;NULL;NULL;NULL;NULL;NULL;NULL;0;3;NULL;NULL;0;6633066.70322574000000000000;204689.42276662700000000000;NULL;NULL;2023-02-08 00:00:00.000;NULL;NULL;NULL;NULL;NULL;NULL
12232566;171501;4212108221;313848;NULL;2023-02-22 11:48:41.000;NULL;R190-26Å;NULL;08887E326E;NULL;HH04;NULL;NULL;587;FreKar;NULL;ENFAKTKÖRN;1;NULL;0;1;HUSH_3;NULL;NULL;NULL;NULL;NULL;NULL;NULL;Restavfall;NULL;2023-02-22 11:52:05.377;174;TÖMN;NULL;NULL;2/28/23 0:00;NULL;NULL;NULL;NULL;5319818;NULL;NULL;NULL;NULL;NULL;NULL;0;3;NULL;NULL;0;6633062.50298551000000000000;204694.25569244500000000000;NULL;NULL;2023-02-22 00:00:00.000;NULL;NULL;NULL;NULL;NULL;NULL
12232568;171501;4212108221;495219;NULL;2023-02-22 11:48:41.000;NULL;M140-26Å;NULL;08887EF0FF;NULL;HH04;NULL;NULL;587;FreKar;NULL;ENFAKTKÖRN;1;NULL;0;1;HUSH_3;NULL;NULL;NULL;NULL;NULL;NULL;NULL;Matavfall;NULL;2023-02-22 11:52:05.740;174;TÖMN;NULL;NULL;2/28/23 0:00;NULL;NULL;NULL;NULL;5319820;NULL;NULL;NULL;NULL;NULL;NULL;0;3;NULL;NULL;0;6633062.50298551000000000000;204694.25569244500000000000;NULL;NULL;2023-02-22 00:00:00.000;NULL;NULL;NULL;NULL;NULL;NULL
12295920;171501;4212108221;495219;NULL;2023-03-09 12:29:18.000;NULL;M140-26Å;NULL;08887EF0FF;NULL;HH03;NULL;NULL;587;HamLym;NULL;ENFAKTKÖRN;1;NULL;0;1;HUSH_3;NULL;NULL;NULL;NULL;NULL;NULL;NULL;Matavfall;NULL;2023-03-09 12:34:04.313;174;TÖMN;NULL;NULL;3/31/23 0:00;NULL;NULL;NULL;NULL;5381089;NULL;NULL;NULL;NULL;NULL;NULL;0;3;NULL;NULL;0;6633059.71933434000000000000;204694.39017373900000000000;NULL;NULL;2023-03-09 00:00:00.000;NULL;NULL;NULL;NULL;NULL;NULL
12295921;171501;4212108221;313848;NULL;2023-03-09 12:29:18.000;NULL;R190-26Å;NULL;08887E326E;NULL;HH03;NULL;NULL;587;HamLym;NULL;ENFAKTKÖRN;1;NULL;0;1;HUSH_3;NULL;NULL;NULL;NULL;NULL;NULL;NULL;Restavfall;NULL;2023-03-09 12:34:04.500;174;TÖMN;NULL;NULL;3/31/23 0:00;NULL;NULL;NULL;NULL;5381090;NULL;NULL;NULL;NULL;NULL;NULL;0;3;NULL;NULL;0;6633059.71933434000000000000;204694.39017373900000000000;NULL;NULL;2023-03-09 00:00:00.000;NULL;NULL;NULL;NULL;NULL;NULL
12349687;171501;4212108221;313848;NULL;2023-03-22 09:48:03.000;NULL;R190-26Å;NULL;08887E326E;NULL;HH03;NULL;NULL;587;MatBen;NULL;ENFAKTKÖRN;1;NULL;0;1;HUSH_3;NULL;NULL;NULL;NULL;NULL;NULL;NULL;Restavfall;NULL;2023-03-22 09:52:06.547;174;TÖMN;NULL;NULL;3/31/23 0:00;NULL;NULL;NULL;NULL;5433591;NULL;NULL;NULL;NULL;NULL;NULL;0;3;NULL;NULL;0;6633063.00910890000000000000;204690.78681133800000000000;NULL;NULL;2023-03-22 00:00:00.000;NULL;NULL;NULL;NULL;NULL;NULL
12349688;171501;4212108221;495219;NULL;2023-03-22 09:48:03.000;NULL;M140-26Å;NULL;08887EF0FF;NULL;HH03;NULL;NULL;587;MatBen;NULL;ENFAKTKÖRN;1;NULL;0;1;HUSH_3;NULL;NULL;NULL;NULL;NULL;NULL;NULL;Matavfall;NULL;2023-03-22 09:52:06.730;174;TÖMN;NULL;NULL;3/31/23 0:00;NULL;NULL;NULL;NULL;5433592;NULL;NULL;NULL;NULL;NULL;NULL;0;3;NULL;NULL;0;6633063.00910890000000000000;204690.78681133800000000000;NULL;NULL;2023-03-22 00:00:00.000;NULL;NULL;NULL;NULL;NULL;NULL
12409597;171501;4212108221;495219;NULL;2023-04-05 07:14:19.000;NULL;M140-26Å;NULL;08887EF0FF;NULL;HH03;NULL;NULL;587;HanLar;NULL;ENFAKTKÖRN;1;NULL;0;1;HUSH_3;NULL;NULL;NULL;NULL;NULL;NULL;NULL;Matavfall;NULL;2023-04-05 07:19:11.103;174;TÖMN;NULL;NULL;4/30/23 0:00;NULL;NULL;NULL;NULL;5491687;NULL;NULL;NULL;NULL;NULL;NULL;0;3;NULL;NULL;0;6633065.16562583000000000000;204685.89038278900000000000;NULL;NULL;2023-04-05 00:00:00.000;NULL;NULL;NULL;NULL;NULL;NULL
12409599;171501;4212108221;313848;NULL;2023-04-05 07:14:19.000;NULL;R190-26Å;NULL;08887E326E;NULL;HH03;NULL;NULL;587;HanLar;NULL;ENFAKTKÖRN;1;NULL;0;1;HUSH_3;NULL;NULL;NULL;NULL;NULL;NULL;NULL;Restavfall;NULL;2023-04-05 07:19:11.470;174;TÖMN;NULL;NULL;4/30/23 0:00;NULL;NULL;NULL;NULL;5491689;NULL;NULL;NULL;NULL;NULL;NULL;0;3;NULL;NULL;0;6633065.16562583000000000000;204685.89038278900000000000;NULL;NULL;2023-04-05 00:00:00.000;NULL;NULL;NULL;NULL;NULL;NULL
12477361;171501;4212108221;495219;NULL;2023-04-19 10:23:36.000;NULL;M140-26Å;NULL;08887EF0FF;NULL;HH03;NULL;NULL;587;MatBen;NULL;ENFAKTKÖRN;1;NULL;0;1;HUSH_3;NULL;NULL;NULL;NULL;NULL;NULL;NULL;Matavfall;NULL;2023-04-19 10:28:09.253;174;TÖMN;NULL;NULL;4/30/23 0:00;NULL;NULL;NULL;NULL;5557178;NULL;NULL;NULL;NULL;NULL;NULL;0;3;NULL;NULL;0;6633064.88367024000000000000;204691.97543168000000000000;NULL;NULL;2023-04-19 00:00:00.000;NULL;NULL;NULL;NULL;NULL;NULL
12477362;171501;4212108221;313848;NULL;2023-04-19 10:23:36.000;NULL;R190-26Å;NULL;08887E326E;NULL;HH03;NULL;NULL;587;MatBen;NULL;ENFAKTKÖRN;1;NULL;0;1;HUSH_3;NULL;NULL;NULL;NULL;NULL;NULL;NULL;Restavfall;NULL;2023-04-19 10:28:09.440;174;TÖMN;NULL;NULL;4/30/23 0:00;NULL;NULL;NULL;NULL;5557179;NULL;NULL;NULL;NULL;NULL;NULL;0;3;NULL;NULL;0;6633064.88367024000000000000;204691.97543168000000000000;NULL;NULL;2023-04-19 00:00:00.000;NULL;NULL;NULL;NULL;NULL;NULL
12571556;171501;4212108221;313848;NULL;2023-05-03 10:57:09.000;NULL;R190-26Å;NULL;08887E326E;NULL;HH03;NULL;NULL;587;FriJan;NULL;ENFAKTKÖRN;1;NULL;0;1;HUSH_3;NULL;NULL;NULL;NULL;NULL;NULL;NULL;Restavfall;NULL;2023-05-03 11:31:37.423;174;TÖMN;NULL;NULL;5/31/23 0:00;NULL;NULL;NULL;NULL;5648320;NULL;NULL;NULL;NULL;NULL;NULL;0;3;NULL;NULL;0;6633067.11719211000000000000;204692.31680217800000000000;NULL;NULL;2023-05-03 00:00:00.000;NULL;NULL;NULL;NULL;NULL;NULL
12571557;171501;4212108221;495219;NULL;2023-05-03 10:57:09.000;NULL;M140-26Å;NULL;08887EF0FF;NULL;HH03;NULL;NULL;587;FriJan;NULL;ENFAKTKÖRN;1;NULL;0;1;HUSH_3;NULL;NULL;NULL;NULL;NULL;NULL;NULL;Matavfall;NULL;2023-05-03 11:31:37.607;174;TÖMN;NULL;NULL;5/31/23 0:00;NULL;NULL;NULL;NULL;5648321;NULL;NULL;NULL;NULL;NULL;NULL;0;3;NULL;NULL;0;6633067.11719211000000000000;204692.31680217800000000000;NULL;NULL;2023-05-03 00:00:00.000;NULL;NULL;NULL;NULL;NULL;NULL
12660748;171501;4212108221;495219;NULL;2023-05-17 10:14:33.000;NULL;M140-26Å;NULL;08887EF0FF;NULL;HH03;NULL;NULL;587;MatBen;NULL;ENFAKTKÖRN;1;NULL;0;1;HUSH_3;NULL;NULL;NULL;NULL;NULL;NULL;NULL;Matavfall;NULL;2023-05-17 10:18:00.570;174;TÖMN;NULL;NULL;5/31/23 0:00;NULL;NULL;NULL;NULL;5735200;NULL;NULL;NULL;NULL;NULL;NULL;0;3;NULL;NULL;0;6633065.55346310000000000000;204687.00730935100000000000;NULL;NULL;2023-05-17 00:00:00.000;NULL;NULL;NULL;NULL;NULL;NULL
12660749;171501;4212108221;313848;NULL;2023-05-17 10:14:33.000;NULL;R190-26Å;NULL;08887E326E;NULL;HH03;NULL;NULL;587;MatBen;NULL;ENFAKTKÖRN;1;NULL;0;1;HUSH_3;NULL;NULL;NULL;NULL;NULL;NULL;NULL;Restavfall;NULL;2023-05-17 10:18:00.753;174;TÖMN;NULL;NULL;5/31/23 0:00;NULL;NULL;NULL;NULL;5735201;NULL;NULL;NULL;NULL;NULL;NULL;0;3;NULL;NULL;0;6633065.55346310000000000000;204687.00730935100000000000;NULL;NULL;2023-05-17 00:00:00.000;NULL;NULL;NULL;NULL;NULL;NULL
12758070;171501;4212108221;313848;NULL;2023-05-31 12:26:06.000;NULL;R190-26Å;NULL;08887E326E;NULL;HHSommar2;NULL;NULL;587;FriJan;NULL;ENFAKTKÖRN;1;NULL;0;1;HUSH_3;NULL;NULL;NULL;NULL;NULL;NULL;NULL;Restavfall;NULL;2023-05-31 12:29:42.787;174;TÖMN;NULL;NULL;5/31/23 0:00;NULL;NULL;NULL;NULL;5829650;NULL;NULL;NULL;NULL;NULL;NULL;0;3;NULL;NULL;0;6633070.33269038000000000000;204696.29227148800000000000;NULL;NULL;2023-05-31 00:00:00.000;NULL;NULL;NULL;NULL;NULL;NULL
12758071;171501;4212108221;495219;NULL;2023-05-31 12:26:06.000;NULL;M140-26Å;NULL;08887EF0FF;NULL;HHSommar2;NULL;NULL;587;FriJan;NULL;ENFAKTKÖRN;1;NULL;0;1;HUSH_3;NULL;NULL;NULL;NULL;NULL;NULL;NULL;Matavfall;NULL;2023-05-31 12:29:42.973;174;TÖMN;NULL;NULL;5/31/23 0:00;NULL;NULL;NULL;NULL;5829651;NULL;NULL;NULL;NULL;NULL;NULL;0;3;NULL;NULL;0;6633070.33269038000000000000;204696.29227148800000000000;NULL;NULL;2023-05-31 00:00:00.000;NULL;NULL;NULL;NULL;NULL;NULL
12851376;171501;4212108221;313848;NULL;2023-06-14 11:02:51.000;NULL;R190-26Å;NULL;08887E326E;NULL;HH03;NULL;NULL;587;MatBen;NULL;ENFAKTKÖRN;1;NULL;0;1;HUSH_3;NULL;NULL;NULL;NULL;NULL;NULL;NULL;Restavfall;NULL;2023-06-14 11:07:10.087;174;TÖMN;NULL;NULL;6/30/23 0:00;NULL;NULL;NULL;NULL;5919563;NULL;NULL;NULL;NULL;NULL;NULL;0;3;NULL;NULL;0;6633068.00978032000000000000;204689.87131910200000000000;NULL;NULL;2023-06-14 00:00:00.000;NULL;NULL;NULL;NULL;NULL;NULL
12851378;171501;4212108221;495219;NULL;2023-06-14 11:02:51.000;NULL;M140-26Å;NULL;08887EF0FF;NULL;HH03;NULL;NULL;587;MatBen;NULL;ENFAKTKÖRN;1;NULL;0;1;HUSH_3;NULL;NULL;NULL;NULL;NULL;NULL;NULL;Matavfall;NULL;2023-06-14 11:07:10.443;174;TÖMN;NULL;NULL;6/30/23 0:00;NULL;NULL;NULL;NULL;5919565;NULL;NULL;NULL;NULL;NULL;NULL;0;3;NULL;NULL;0;6633068.00978032000000000000;204689.87131910200000000000;NULL;NULL;2023-06-14 00:00:00.000;NULL;NULL;NULL;NULL;NULL;NULL
12942351;171501;4212108221;313848;NULL;2023-06-28 10:30:35.000;NULL;R190-26Å;NULL;08887E326E;NULL;HH03;NULL;NULL;587;MatBen;NULL;ENFAKTKÖRN;1;NULL;0;1;HUSH_3;NULL;NULL;NULL;NULL;NULL;NULL;NULL;Restavfall;NULL;2023-06-28 10:34:03.907;174;TÖMN;NULL;NULL;6/30/23 0:00;NULL;NULL;NULL;NULL;6007914;NULL;NULL;NULL;NULL;NULL;NULL;0;3;NULL;NULL;0;6633064.76813870000000000000;204696.74830140200000000000;NULL;NULL;2023-06-28 00:00:00.000;NULL;NULL;NULL;NULL;NULL;NULL
12942352;171501;4212108221;313848;NULL;2023-06-28 10:30:40.000;NULL;R190-26Å;NULL;08887E326E;NULL;HH03;NULL;NULL;587;MatBen;NULL;ENFAKTKÖRN;1;NULL;0;1;HUSH_3;NULL;NULL;NULL;NULL;NULL;NULL;NULL;Restavfall;NULL;2023-06-28 10:34:04.093;174;TÖMN;NULL;NULL;NULL;NULL;NULL;NULL;Dubblett;6007915;NULL;NULL;NULL;NULL;NULL;NULL;1;3;NULL;NULL;0;6633064.76813870000000000000;204696.74830140200000000000;NULL;NULL;2023-06-28 00:00:00.000;NULL;NULL;NULL;NULL;NULL;NULL
12942353;171501;4212108221;495219;NULL;2023-06-28 10:30:35.000;NULL;M140-26Å;NULL;08887EF0FF;NULL;HH03;NULL;NULL;587;MatBen;NULL;ENFAKTKÖRN;1;NULL;0;1;HUSH_3;NULL;NULL;NULL;NULL;NULL;NULL;NULL;Matavfall;NULL;2023-06-28 10:34:04.280;174;TÖMN;NULL;NULL;6/30/23 0:00;NULL;NULL;NULL;NULL;6007916;NULL;NULL;NULL;NULL;NULL;NULL;0;3;NULL;NULL;0;6633064.76813870000000000000;204696.74830140200000000000;NULL;NULL;2023-06-28 00:00:00.000;NULL;NULL;NULL;NULL;NULL;NULL
12942354;171501;4212108221;495219;NULL;2023-06-28 10:30:40.000;NULL;M140-26Å;NULL;08887EF0FF;NULL;HH03;NULL;NULL;587;MatBen;NULL;ENFAKTKÖRN;1;NULL;0;1;HUSH_3;NULL;NULL;NULL;NULL;NULL;NULL;NULL;Matavfall;NULL;2023-06-28 10:34:04.463;174;TÖMN;NULL;NULL;NULL;NULL;NULL;NULL;Dubblett;6007917;NULL;NULL;NULL;NULL;NULL;NULL;1;3;NULL;NULL;0;6633064.76813870000000000000;204696.74830140200000000000;NULL;NULL;2023-06-28 00:00:00.000;NULL;NULL;NULL;NULL;NULL;NULL
13112705;171501;4212108221;495219;NULL;2023-07-12 10:51:44.000;NULL;M140-26Å;NULL;08887EF0FF;NULL;HH03;NULL;NULL;587;MatBen;NULL;ENFAKTKÖRN;1;NULL;0;1;HUSH_3;NULL;NULL;NULL;NULL;NULL;NULL;NULL;Matavfall;NULL;2023-07-18 06:08:16.160;174;TÖMN;NULL;NULL;7/31/23 0:00;NULL;NULL;NULL;NULL;6284571;NULL;NULL;NULL;NULL;NULL;NULL;0;3;NULL;NULL;0;6633068.60941548000000000000;204692.76262372400000000000;NULL;NULL;2023-07-12 00:00:00.000;NULL;NULL;NULL;NULL;NULL;NULL
13112706;171501;4212108221;495219;NULL;2023-07-12 10:51:49.000;NULL;M140-26Å;NULL;08887EF0FF;NULL;HH03;NULL;NULL;587;MatBen;NULL;ENFAKTKÖRN;1;NULL;0;1;HUSH_3;NULL;NULL;NULL;NULL;NULL;NULL;NULL;Matavfall;NULL;2023-07-18 06:08:16.340;174;TÖMN;NULL;NULL;NULL;NULL;NULL;NULL;Dubblett;6284572;NULL;NULL;NULL;NULL;NULL;NULL;1;3;NULL;NULL;0;6633068.60941548000000000000;204692.76262372400000000000;NULL;NULL;2023-07-12 00:00:00.000;NULL;NULL;NULL;NULL;NULL;NULL
13112707;171501;4212108221;313848;NULL;2023-07-12 10:51:49.000;NULL;R190-26Å;NULL;08887E326E;NULL;HH03;NULL;NULL;587;MatBen;NULL;ENFAKTKÖRN;1;NULL;0;1;HUSH_3;NULL;NULL;NULL;NULL;NULL;NULL;NULL;Restavfall;NULL;2023-07-18 06:08:16.527;174;TÖMN;NULL;NULL;7/31/23 0:00;NULL;NULL;NULL;NULL;6284573;NULL;NULL;NULL;NULL;NULL;NULL;0;3;NULL;NULL;0;6633068.60941548000000000000;204692.76262372400000000000;NULL;NULL;2023-07-12 00:00:00.000;NULL;NULL;NULL;NULL;NULL;NULL
13206283;171501;4212108221;313848;NULL;2023-07-26 10:22:14.000;NULL;R190-26Å;NULL;08887E326E;NULL;HH03;NULL;NULL;587;MatBen;NULL;ENFAKTKÖRN;1;NULL;0;1;HUSH_3;NULL;NULL;NULL;NULL;NULL;NULL;NULL;Restavfall;NULL;2023-07-26 10:26:22.970;174;TÖMN;NULL;NULL;7/31/23 0:00;NULL;NULL;NULL;NULL;6375320;NULL;NULL;NULL;NULL;NULL;NULL;0;3;NULL;NULL;0;6633065.27288455000000000000;204693.18588987100000000000;NULL;NULL;2023-07-26 00:00:00.000;NULL;NULL;NULL;NULL;NULL;NULL
13206284;171501;4212108221;495219;NULL;2023-07-26 10:22:09.000;NULL;M140-26Å;NULL;08887EF0FF;NULL;HH03;NULL;NULL;587;MatBen;NULL;ENFAKTKÖRN;1;NULL;0;1;HUSH_3;NULL;NULL;NULL;NULL;NULL;NULL;NULL;Matavfall;NULL;2023-07-26 10:26:23.157;174;TÖMN;NULL;NULL;7/31/23 0:00;NULL;NULL;NULL;NULL;6375321;NULL;NULL;NULL;NULL;NULL;NULL;0;3;NULL;NULL;0;6633064.48483039000000000000;204690.11024811800000000000;NULL;NULL;2023-07-26 00:00:00.000;NULL;NULL;NULL;NULL;NULL;NULL
13206285;171501;4212108221;495219;NULL;2023-07-26 10:22:14.000;NULL;M140-26Å;NULL;08887EF0FF;NULL;HH03;NULL;NULL;587;MatBen;NULL;ENFAKTKÖRN;1;NULL;0;1;HUSH_3;NULL;NULL;NULL;NULL;NULL;NULL;NULL;Matavfall;NULL;2023-07-26 10:26:23.343;174;TÖMN;NULL;NULL;NULL;NULL;NULL;NULL;Dubblett;6375322;NULL;NULL;NULL;NULL;NULL;NULL;1;3;NULL;NULL;0;6633065.27288455000000000000;204693.18588987100000000000;NULL;NULL;2023-07-26 00:00:00.000;NULL;NULL;NULL;NULL;NULL;NULL
13305067;171501;4212108221;313848;NULL;2023-08-09 11:28:16.000;NULL;R190-26Å;NULL;08887E326E;NULL;HH03;NULL;NULL;587;MatBen;NULL;ENFAKTKÖRN;1;NULL;0;1;HUSH_3;NULL;NULL;NULL;NULL;NULL;NULL;NULL;Restavfall;NULL;2023-08-09 11:31:16.473;174;TÖMN;NULL;NULL;8/31/23 0:00;NULL;NULL;NULL;NULL;6470712;NULL;NULL;NULL;NULL;NULL;NULL;0;3;NULL;NULL;0;6633068.02353165000000000000;204690.80663982100000000000;NULL;NULL;2023-08-09 00:00:00.000;NULL;NULL;NULL;NULL;NULL;NULL
13305070;171501;4212108221;495219;NULL;2023-08-09 11:28:16.000;NULL;M140-26Å;NULL;08887EF0FF;NULL;HH03;NULL;NULL;587;MatBen;NULL;ENFAKTKÖRN;1;NULL;0;1;HUSH_3;NULL;NULL;NULL;NULL;NULL;NULL;NULL;Matavfall;NULL;2023-08-09 11:31:17.023;174;TÖMN;NULL;NULL;8/31/23 0:00;NULL;NULL;NULL;NULL;6470715;NULL;NULL;NULL;NULL;NULL;NULL;0;3;NULL;NULL;0;6633068.02353165000000000000;204690.80663982100000000000;NULL;NULL;2023-08-09 00:00:00.000;NULL;NULL;NULL;NULL;NULL;NULL
13398633;171501;4212108221;495219;NULL;2023-08-23 10:30:44.000;NULL;M140-26Å;NULL;08887EF0FF;NULL;HH03;NULL;NULL;587;MatBen;NULL;ENFAKTKÖRN;1;NULL;0;1;HUSH_3;NULL;NULL;NULL;NULL;NULL;NULL;NULL;Matavfall;NULL;2023-08-23 10:36:10.600;174;TÖMN;NULL;NULL;8/31/23 0:00;NULL;NULL;NULL;NULL;6561275;NULL;NULL;NULL;NULL;NULL;NULL;0;3;NULL;NULL;0;6633063.81779218000000000000;204695.26543686100000000000;NULL;NULL;2023-08-23 00:00:00.000;NULL;NULL;NULL;NULL;NULL;NULL
13398634;171501;4212108221;313848;NULL;2023-08-23 10:30:44.000;NULL;R190-26Å;NULL;08887E326E;NULL;HH03;NULL;NULL;587;MatBen;NULL;ENFAKTKÖRN;1;NULL;0;1;HUSH_3;NULL;NULL;NULL;NULL;NULL;NULL;NULL;Restavfall;NULL;2023-08-23 10:36:10.783;174;TÖMN;NULL;NULL;8/31/23 0:00;NULL;NULL;NULL;NULL;6561276;NULL;NULL;NULL;NULL;NULL;NULL;0;3;NULL;NULL;0;6633063.81779218000000000000;204695.26543686100000000000;NULL;NULL;2023-08-23 00:00:00.000;NULL;NULL;NULL;NULL;NULL;NULL
13490359;171501;4212108221;495219;NULL;2023-09-06 11:03:10.000;NULL;M140-26Å;NULL;08887EF0FF;NULL;HH03;NULL;NULL;587;MatBen;NULL;ENFAKTKÖRN;1;NULL;0;1;HUSH_3;NULL;NULL;NULL;NULL;NULL;NULL;NULL;Matavfall;NULL;2023-09-06 11:06:17.730;174;TÖMN;NULL;NULL;9/30/23 0:00;NULL;NULL;NULL;NULL;6649889;NULL;NULL;NULL;NULL;NULL;NULL;0;3;NULL;NULL;0;6633070.45234797000000000000;204691.80000495400000000000;NULL;NULL;2023-09-06 00:00:00.000;NULL;NULL;NULL;NULL;NULL;NULL
13490360;171501;4212108221;313848;NULL;2023-09-06 11:03:10.000;NULL;R190-26Å;NULL;08887E326E;NULL;HH03;NULL;NULL;587;MatBen;NULL;ENFAKTKÖRN;1;NULL;0;1;HUSH_3;NULL;NULL;NULL;NULL;NULL;NULL;NULL;Restavfall;NULL;2023-09-06 11:06:18.000;174;TÖMN;NULL;NULL;9/30/23 0:00;NULL;NULL;NULL;NULL;6649890;NULL;NULL;NULL;NULL;NULL;NULL;0;3;NULL;NULL;0;6633070.45234797000000000000;204691.80000495400000000000;NULL;NULL;2023-09-06 00:00:00.000;NULL;NULL;NULL;NULL;NULL;NULL
13580646;171501;4212108221;495219;NULL;2023-09-20 10:35:03.000;NULL;M140-26Å;NULL;08887EF0FF;NULL;HH03;NULL;NULL;587;MatBen;NULL;ENFAKTKÖRN;1;NULL;0;1;HUSH_3;NULL;NULL;NULL;NULL;NULL;NULL;NULL;Matavfall;NULL;2023-09-20 10:41:05.413;174;TÖMN;NULL;NULL;9/30/23 0:00;NULL;NULL;NULL;NULL;6737499;NULL;NULL;NULL;NULL;NULL;NULL;0;3;NULL;NULL;0;6633069.48825220000000000000;204689.38182115800000000000;NULL;NULL;2023-09-20 00:00:00.000;NULL;NULL;NULL;NULL;NULL;NULL
13580647;171501;4212108221;313848;NULL;2023-09-20 10:35:03.000;NULL;R190-26Å;NULL;08887E326E;NULL;HH03;NULL;NULL;587;MatBen;NULL;ENFAKTKÖRN;1;NULL;0;1;HUSH_3;NULL;NULL;NULL;NULL;NULL;NULL;NULL;Restavfall;NULL;2023-09-20 10:41:05.610;174;TÖMN;NULL;NULL;9/30/23 0:00;NULL;NULL;NULL;NULL;6737500;NULL;NULL;NULL;NULL;NULL;NULL;0;3;NULL;NULL;0;6633069.48825220000000000000;204689.38182115800000000000;NULL;NULL;2023-09-20 00:00:00.000;NULL;NULL;NULL;NULL;NULL;NULL
13671079;171501;4212108221;495219;NULL;2023-10-04 11:25:39.000;NULL;M140-26Å;NULL;08887EF0FF;NULL;HH03;NULL;NULL;587;MatBen;NULL;ENFAKTKÖRN;1;NULL;0;1;HUSH_3;NULL;NULL;NULL;NULL;NULL;NULL;NULL;Matavfall;NULL;2023-10-04 11:31:17.283;174;TÖMN;NULL;NULL;10/31/23 0:00;NULL;NULL;NULL;NULL;6825333;NULL;NULL;NULL;NULL;NULL;NULL;0;3;NULL;NULL;0;6633053.22232468000000000000;204707.20886435400000000000;NULL;NULL;2023-10-04 00:00:00.000;NULL;NULL;NULL;NULL;NULL;NULL
13671082;171501;4212108221;313848;NULL;2023-10-04 11:25:39.000;NULL;R190-26Å;NULL;08887E326E;NULL;HH03;NULL;NULL;587;MatBen;NULL;ENFAKTKÖRN;1;NULL;0;1;HUSH_3;NULL;NULL;NULL;NULL;NULL;NULL;NULL;Restavfall;NULL;2023-10-04 11:31:18.453;174;TÖMN;NULL;NULL;10/31/23 0:00;NULL;NULL;NULL;NULL;6825336;NULL;NULL;NULL;NULL;NULL;NULL;0;3;NULL;NULL;0;6633053.05178751000000000000;204708.24045188100000000000;NULL;NULL;2023-10-04 00:00:00.000;NULL;NULL;NULL;NULL;NULL;NULL
13748427;171501;4212108221;313848;NULL;2023-10-18 08:58:29.000;NULL;R190-26Å;NULL;08887E326E;NULL;HH03;NULL;NULL;587;MatBen;NULL;ENFAKTKÖRN;1;NULL;0;1;HUSH_3;NULL;NULL;NULL;NULL;NULL;NULL;NULL;Restavfall;NULL;2023-10-18 09:01:13.430;174;TÖMN;NULL;NULL;10/31/23 0:00;NULL;NULL;NULL;NULL;6900092;NULL;NULL;NULL;NULL;NULL;NULL;0;3;NULL;NULL;0;6633069.66567003000000000000;204688.81789928000000000000;NULL;NULL;2023-10-18 00:00:00.000;NULL;NULL;NULL;NULL;NULL;NULL
13748428;171501;4212108221;495219;NULL;2023-10-18 08:58:29.000;NULL;M140-26Å;NULL;08887EF0FF;NULL;HH03;NULL;NULL;587;MatBen;NULL;ENFAKTKÖRN;1;NULL;0;1;HUSH_3;NULL;NULL;NULL;NULL;NULL;NULL;NULL;Matavfall;NULL;2023-10-18 09:01:13.620;174;TÖMN;NULL;NULL;10/31/23 0:00;NULL;NULL;NULL;NULL;6900093;NULL;NULL;NULL;NULL;NULL;NULL;0;3;NULL;NULL;0;6633069.66567003000000000000;204688.81789928000000000000;NULL;NULL;2023-10-18 00:00:00.000;NULL;NULL;NULL;NULL;NULL;NULL
13807312;171501;4212108221;495219;NULL;2023-11-01 10:01:33.000;NULL;M140-26Å;NULL;08887EF0FF;NULL;HH03;NULL;NULL;587;HanLar;NULL;ENFAKTKÖRN;1;NULL;0;1;HUSH_3;NULL;NULL;NULL;NULL;NULL;NULL;NULL;Matavfall;NULL;2023-11-01 10:06:27.410;174;TÖMN;NULL;NULL;11/30/23 0:00;NULL;NULL;NULL;NULL;6956646;NULL;NULL;NULL;NULL;NULL;NULL;0;3;NULL;NULL;0;6633063.52623603000000000000;204688.06618871300000000000;NULL;NULL;2023-11-01 00:00:00.000;NULL;NULL;NULL;NULL;NULL;NULL
13807313;171501;4212108221;313848;NULL;2023-11-01 10:01:33.000;NULL;R190-26Å;NULL;08887E326E;NULL;HH03;NULL;NULL;587;HanLar;NULL;ENFAKTKÖRN;1;NULL;0;1;HUSH_3;NULL;NULL;NULL;NULL;NULL;NULL;NULL;Restavfall;NULL;2023-11-01 10:06:27.627;174;TÖMN;NULL;NULL;11/30/23 0:00;NULL;NULL;NULL;NULL;6956647;NULL;NULL;NULL;NULL;NULL;NULL;0;3;NULL;NULL;0;6633063.52623603000000000000;204688.06618871300000000000;NULL;NULL;2023-11-01 00:00:00.000;NULL;NULL;NULL;NULL;NULL;NULL
13874083;171501;4212108221;495219;NULL;2023-11-15 09:22:31.000;NULL;M140-26Å;NULL;08887EF0FF;NULL;HH03;NULL;NULL;587;MatBen;NULL;ENFAKTKÖRN;1;NULL;0;1;HUSH_3;NULL;NULL;NULL;NULL;NULL;NULL;NULL;Matavfall;NULL;2023-11-15 09:26:19.243;174;TÖMN;NULL;NULL;11/30/23 0:00;NULL;NULL;NULL;NULL;7021082;NULL;NULL;NULL;NULL;NULL;NULL;0;3;NULL;NULL;0;6633071.67364617000000000000;204686.44957342700000000000;NULL;NULL;2023-11-15 00:00:00.000;NULL;NULL;NULL;NULL;NULL;NULL
13874084;171501;4212108221;313848;NULL;2023-11-15 09:22:31.000;NULL;R190-26Å;NULL;08887E326E;NULL;HH03;NULL;NULL;587;MatBen;NULL;ENFAKTKÖRN;1;NULL;0;1;HUSH_3;NULL;NULL;NULL;NULL;NULL;NULL;NULL;Restavfall;NULL;2023-11-15 09:26:19.433;174;TÖMN;NULL;NULL;11/30/23 0:00;NULL;NULL;NULL;NULL;7021083;NULL;NULL;NULL;NULL;NULL;NULL;0;3;NULL;NULL;0;6633071.67364617000000000000;204686.44957342700000000000;NULL;NULL;2023-11-15 00:00:00.000;NULL;NULL;NULL;NULL;NULL;NULL
13936768;171501;4212108221;495219;NULL;2023-11-29 13:10:49.000;NULL;M140-26Å;NULL;08887EF0FF;NULL;HH03;NULL;NULL;587;MatBen;NULL;ENFAKTKÖRN;1;NULL;0;1;HUSH_3;NULL;NULL;NULL;NULL;NULL;NULL;NULL;Matavfall;NULL;2023-11-29 13:16:27.330;174;TÖMN;NULL;NULL;11/30/23 0:00;NULL;NULL;NULL;NULL;7081812;NULL;NULL;NULL;NULL;NULL;NULL;0;3;NULL;NULL;0;6633063.74903233000000000000;204690.58882793300000000000;NULL;NULL;2023-11-29 00:00:00.000;NULL;NULL;NULL;NULL;NULL;NULL
13936769;171501;4212108221;313848;NULL;2023-11-29 13:10:49.000;NULL;R190-26Å;NULL;08887E326E;NULL;HH03;NULL;NULL;587;MatBen;NULL;ENFAKTKÖRN;1;NULL;0;1;HUSH_3;NULL;NULL;NULL;NULL;NULL;NULL;NULL;Restavfall;NULL;2023-11-29 13:16:27.613;174;TÖMN;NULL;NULL;11/30/23 0:00;NULL;NULL;NULL;NULL;7081813;NULL;NULL;NULL;NULL;NULL;NULL;0;3;NULL;NULL;0;6633063.74903233000000000000;204690.58882793300000000000;NULL;NULL;2023-11-29 00:00:00.000;NULL;NULL;NULL;NULL;NULL;NULL
14003974;171501;4212108221;495219;NULL;2023-12-13 10:02:13.000;NULL;M140-26Å;NULL;08887EF0FF;NULL;HH03;NULL;NULL;587;MatBen;NULL;ENFAKTKÖRN;1;NULL;0;1;HUSH_3;NULL;NULL;NULL;NULL;NULL;NULL;NULL;Matavfall;NULL;2023-12-13 10:06:21.333;174;TÖMN;NULL;NULL;12/31/23 0:00;NULL;NULL;NULL;NULL;7147470;NULL;NULL;NULL;NULL;NULL;NULL;0;3;NULL;NULL;0;6633067.96715272000000000000;204686.97182486200000000000;NULL;NULL;2023-12-13 00:00:00.000;NULL;NULL;NULL;NULL;NULL;NULL
14003975;171501;4212108221;313848;NULL;2023-12-13 10:02:13.000;NULL;R190-26Å;NULL;08887E326E;NULL;HH03;NULL;NULL;587;MatBen;NULL;ENFAKTKÖRN;1;NULL;0;1;HUSH_3;NULL;NULL;NULL;NULL;NULL;NULL;NULL;Restavfall;NULL;2023-12-13 10:06:21.530;174;TÖMN;NULL;NULL;12/31/23 0:00;NULL;NULL;NULL;NULL;7147471;NULL;NULL;NULL;NULL;NULL;NULL;0;3;NULL;NULL;0;6633067.96715272000000000000;204686.97182486200000000000;NULL;NULL;2023-12-13 00:00:00.000;NULL;NULL;NULL;NULL;NULL;NULL
14060146;171501;4212108221;495219;NULL;2023-12-27 08:19:56.000;NULL;M140-26Å;NULL;08887EF0FF;NULL;HH03;NULL;NULL;587;SarSun;NULL;ENFAKTKÖRN;1;NULL;0;1;HUSH_3;NULL;NULL;NULL;NULL;NULL;NULL;NULL;Matavfall;NULL;2023-12-27 08:26:04.390;174;TÖMN;NULL;NULL;12/31/23 0:00;NULL;NULL;NULL;NULL;7202176;NULL;NULL;NULL;NULL;NULL;NULL;0;3;NULL;NULL;0;6633060.06591738000000000000;204692.70113296900000000000;NULL;NULL;2023-12-27 00:00:00.000;NULL;NULL;NULL;NULL;NULL;NULL
14060147;171501;4212108221;313848;NULL;2023-12-27 08:19:56.000;NULL;R190-26Å;NULL;08887E326E;NULL;HH03;NULL;NULL;587;SarSun;NULL;ENFAKTKÖRN;1;NULL;0;1;HUSH_3;NULL;NULL;NULL;NULL;NULL;NULL;NULL;Restavfall;NULL;2023-12-27 08:26:04.850;174;TÖMN;NULL;NULL;12/31/23 0:00;NULL;NULL;NULL;NULL;7202178;NULL;NULL;NULL;NULL;NULL;NULL;0;3;NULL;NULL;0;6633060.06591738000000000000;204692.70113296900000000000;NULL;NULL;2023-12-27 00:00:00.000;NULL;NULL;NULL;NULL;NULL;NULL
14125359;171501;4212108221;495219;NULL;2024-01-10 09:46:38.000;NULL;M140-26Å;NULL;08887EF0FF;NULL;HH03;NULL;NULL;587;MatBen;NULL;ENFAKTKÖRN;1;NULL;0;1;HUSH_3;NULL;NULL;NULL;NULL;NULL;NULL;NULL;Matavfall;NULL;2024-01-10 09:51:19.093;174;TÖMN;NULL;NULL;1/31/24 0:00;NULL;NULL;NULL;NULL;7266374;NULL;NULL;NULL;NULL;NULL;NULL;0;3;NULL;NULL;0;6633070.04113218000000000000;204689.09303600200000000000;NULL;NULL;2024-01-10 00:00:00.000;NULL;NULL;NULL;NULL;NULL;NULL
14125360;171501;4212108221;313848;NULL;2024-01-10 09:46:38.000;NULL;R190-26Å;NULL;08887E326E;NULL;HH03;NULL;NULL;587;MatBen;NULL;ENFAKTKÖRN;1;NULL;0;1;HUSH_3;NULL;NULL;NULL;NULL;NULL;NULL;NULL;Restavfall;NULL;2024-01-10 09:51:19.297;174;TÖMN;NULL;NULL;1/31/24 0:00;NULL;NULL;NULL;NULL;7266375;NULL;NULL;NULL;NULL;NULL;NULL;0;3;NULL;NULL;0;6633070.04113218000000000000;204689.09303600200000000000;NULL;NULL;2024-01-10 00:00:00.000;NULL;NULL;NULL;NULL;NULL;NULL
14188762;171501;4212108221;313848;NULL;2024-01-24 12:27:31.000;NULL;R190-26Å;NULL;08887E326E;NULL;HH03;NULL;NULL;587;MatBen;NULL;ENFAKTKÖRN;1;NULL;0;1;HUSH_3;NULL;NULL;NULL;NULL;NULL;NULL;NULL;Restavfall;NULL;2024-01-24 12:31:14.530;174;TÖMN;NULL;NULL;1/31/24 0:00;NULL;NULL;NULL;NULL;7328276;NULL;NULL;NULL;NULL;NULL;NULL;0;3;NULL;NULL;0;6633063.40519871000000000000;204692.46493120300000000000;NULL;NULL;2024-01-24 00:00:00.000;NULL;NULL;NULL;NULL;NULL;NULL
14188763;171501;4212108221;495219;NULL;2024-01-24 12:27:31.000;NULL;M140-26Å;NULL;08887EF0FF;NULL;HH03;NULL;NULL;587;MatBen;NULL;ENFAKTKÖRN;1;NULL;0;1;HUSH_3;NULL;NULL;NULL;NULL;NULL;NULL;NULL;Matavfall;NULL;2024-01-24 12:31:14.723;174;TÖMN;NULL;NULL;1/31/24 0:00;NULL;NULL;NULL;NULL;7328277;NULL;NULL;NULL;NULL;NULL;NULL;0;3;NULL;NULL;0;6633063.40519871000000000000;204692.46493120300000000000;NULL;NULL;2024-01-24 00:00:00.000;NULL;NULL;NULL;NULL;NULL;NULL
14251896;171501;4212108221;495219;NULL;2024-02-07 07:09:22.000;NULL;M140-26Å;NULL;08887EF0FF;NULL;HH03;NULL;NULL;587;MatBen;NULL;ENFAKTKÖRN;1;NULL;0;1;HUSH_3;NULL;NULL;NULL;NULL;NULL;NULL;NULL;Matavfall;NULL;2024-02-07 07:16:11.370;174;TÖMN;NULL;NULL;2/29/24 0:00;NULL;NULL;NULL;NULL;7389753;NULL;NULL;NULL;NULL;NULL;NULL;0;3;NULL;NULL;0;6633067.43902394000000000000;204688.94418740600000000000;NULL;NULL;2024-02-07 00:00:00.000;NULL;NULL;NULL;NULL;NULL;NULL
14251897;171501;4212108221;313848;NULL;2024-02-07 07:09:22.000;NULL;R190-26Å;NULL;08887E326E;NULL;HH03;NULL;NULL;587;MatBen;NULL;ENFAKTKÖRN;1;NULL;0;1;HUSH_3;NULL;NULL;NULL;NULL;NULL;NULL;NULL;Restavfall;NULL;2024-02-07 07:16:11.557;174;TÖMN;NULL;NULL;2/29/24 0:00;NULL;NULL;NULL;NULL;7389754;NULL;NULL;NULL;NULL;NULL;NULL;0;3;NULL;NULL;0;6633067.43902394000000000000;204688.94418740600000000000;NULL;NULL;2024-02-07 00:00:00.000;NULL;NULL;NULL;NULL;NULL;NULL
14317250;171501;4212108221;313848;NULL;2024-02-21 12:04:34.000;NULL;R190-26Å;NULL;08887E326E;NULL;HH03;NULL;NULL;587;MatBen;NULL;ENFAKTKÖRN;1;NULL;0;1;HUSH_3;NULL;NULL;NULL;NULL;NULL;NULL;NULL;Restavfall;NULL;2024-02-21 12:12:04.157;174;TÖMN;NULL;NULL;2/29/24 0:00;NULL;NULL;NULL;NULL;7453077;NULL;NULL;NULL;NULL;NULL;NULL;0;3;NULL;NULL;0;6633060.66833389000000000000;204683.14992358800000000000;NULL;NULL;2024-02-21 00:00:00.000;NULL;NULL;NULL;NULL;NULL;NULL
14317251;171501;4212108221;495219;NULL;2024-02-21 12:04:34.000;NULL;M140-26Å;NULL;08887EF0FF;NULL;HH03;NULL;NULL;587;MatBen;NULL;ENFAKTKÖRN;1;NULL;0;1;HUSH_3;NULL;NULL;NULL;NULL;NULL;NULL;NULL;Matavfall;NULL;2024-02-21 12:12:04.353;174;TÖMN;NULL;NULL;2/29/24 0:00;NULL;NULL;NULL;NULL;7453078;NULL;NULL;NULL;NULL;NULL;NULL;0;3;NULL;NULL;0;6633060.66833389000000000000;204683.14992358800000000000;NULL;NULL;2024-02-21 00:00:00.000;NULL;NULL;NULL;NULL;NULL;NULL
14385149;171501;4212108221;313848;NULL;2024-03-06 09:25:03.000;NULL;R190-26Å;NULL;08887E326E;NULL;HH03;NULL;NULL;587;MatBen;NULL;ENFAKTKÖRN;1;NULL;0;1;HUSH_3;NULL;NULL;NULL;NULL;NULL;NULL;NULL;Restavfall;NULL;2024-03-06 09:31:03.950;174;TÖMN;NULL;NULL;3/31/24 0:00;NULL;NULL;NULL;NULL;7518695;NULL;NULL;NULL;NULL;NULL;NULL;0;3;NULL;NULL;0;6633066.82011851000000000000;204697.37299544600000000000;NULL;NULL;2024-03-06 00:00:00.000;NULL;NULL;NULL;NULL;NULL;NULL
14385150;171501;4212108221;495219;NULL;2024-03-06 09:25:03.000;NULL;M140-26Å;NULL;08887EF0FF;NULL;HH03;NULL;NULL;587;MatBen;NULL;ENFAKTKÖRN;1;NULL;0;1;HUSH_3;NULL;NULL;NULL;NULL;NULL;NULL;NULL;Matavfall;NULL;2024-03-06 09:31:04.147;174;TÖMN;NULL;NULL;3/31/24 0:00;NULL;NULL;NULL;NULL;7518696;NULL;NULL;NULL;NULL;NULL;NULL;0;3;NULL;NULL;0;6633066.25761201000000000000;204697.00705726200000000000;NULL;NULL;2024-03-06 00:00:00.000;NULL;NULL;NULL;NULL;NULL;NULL
14450493;171501;4212108221;495219;NULL;2024-03-20 10:07:10.000;NULL;M140-26Å;NULL;08887EF0FF;NULL;HH03;NULL;NULL;587;MatBen;NULL;ENFAKTKÖRN;1;NULL;0;1;HUSH_3;NULL;NULL;NULL;NULL;NULL;NULL;NULL;Matavfall;NULL;2024-03-20 10:11:32.373;174;TÖMN;NULL;NULL;3/31/24 0:00;NULL;NULL;NULL;NULL;7581903;NULL;NULL;NULL;NULL;NULL;NULL;0;3;NULL;NULL;0;6633059.33424527000000000000;204693.46031071200000000000;NULL;NULL;2024-03-20 00:00:00.000;NULL;NULL;NULL;NULL;NULL;NULL
14450494;171501;4212108221;313848;NULL;2024-03-20 10:07:10.000;NULL;R190-26Å;NULL;08887E326E;NULL;HH03;NULL;NULL;587;MatBen;NULL;ENFAKTKÖRN;1;NULL;0;1;HUSH_3;NULL;NULL;NULL;NULL;NULL;NULL;NULL;Restavfall;NULL;2024-03-20 10:11:32.567;174;TÖMN;NULL;NULL;3/31/24 0:00;NULL;NULL;NULL;NULL;7581904;NULL;NULL;NULL;NULL;NULL;NULL;0;3;NULL;NULL;0;6633059.33424527000000000000;204693.46031071200000000000;NULL;NULL;2024-03-20 00:00:00.000;NULL;NULL;NULL;NULL;NULL;NULL
14521326;171501;4212108221;495219;NULL;2024-04-03 09:41:45.000;NULL;M140-26Å;NULL;08887EF0FF;NULL;HH03;NULL;NULL;587;MatBen;NULL;ENFAKTKÖRN;1;NULL;0;1;HUSH_3;NULL;NULL;NULL;NULL;NULL;NULL;NULL;Matavfall;NULL;2024-04-03 09:46:37.333;174;TÖMN;NULL;NULL;NULL;NULL;NULL;NULL;NULL;7650487;NULL;NULL;NULL;NULL;NULL;NULL;0;3;NULL;NULL;0;6633065.29904520000000000000;204682.33343199800000000000;NULL;NULL;2024-04-03 00:00:00.000;NULL;NULL;NULL;NULL;NULL;NULL
14521327;171501;4212108221;313848;NULL;2024-04-03 09:41:45.000;NULL;R190-26Å;NULL;08887E326E;NULL;HH03;NULL;NULL;587;MatBen;NULL;ENFAKTKÖRN;1;NULL;0;1;HUSH_3;NULL;NULL;NULL;NULL;NULL;NULL;NULL;Restavfall;NULL;2024-04-03 09:46:37.590;174;TÖMN;NULL;NULL;NULL;NULL;NULL;NULL;NULL;7650488;NULL;NULL;NULL;NULL;NULL;NULL;0;3;NULL;NULL;0;6633065.29904520000000000000;204682.33343199800000000000;NULL;NULL;2024-04-03 00:00:00.000;NULL;NULL;NULL;NULL;NULL;NULL